normalized,display,value
"0g1","0g૧ ~~","0g૧ ~~ "
"0g2","0g૨ ~~","0g૨ ~~ "
"0g3","0g૩ ~~","0g૩ ~~ "
"0g4","0g૪ ~~","0g૪ ~~ "
"0g6","0g૬ ~~","0g૬ ~~ "
"0g7","0g૭ ~~","0g૭ ~~ "
"0g8","0g૮ ~~","0g૮ ~~ "
"0g9","0g૯ ~~","0g૯ ~~ "
"0gp","0gપ ~~","0gપ ~~ "
"1","1 ~~","1 ~~ "
"2/1/1/p","2/૧/૧/p ~~","2/૧/૧/p ~~ "
"2/1/p1/p","2/૧/p૧/p ~~","2/૧/p૧/p ~~ "
"2/1/p2","2/૧/p૨ ~~","2/૧/p૨ ~~ "
"2/2","2/૨ ~~","2/૨ ~~ "
"2/2/2","2/૨/૨ ~~","2/૨/૨ ~~ "
"2/3","2/૩ ~~","2/૩ ~~ "
"2/4","2/૪ ~~","2/૪ ~~ "
"2/6","2/૬ ~~","2/૬ ~~ "
"2/p","2/પ ~~","2/પ ~~ "
"3","3 ~~","3 ~~ "
"4","4 ~~","4 ~~ "
"5/1","5/૧ ~~","5/૧ ~~ "
"5/2","5/૨ ~~","5/૨ ~~ "
"6/1/અ","6/૧/અ ~~","6/૧/અ ~~ "
"6/1/બ","6/૧/બ ~~","6/૧/બ ~~ "
"6/2","6/૨ ~~","6/૨ ~~ "
"6/3","6/૩ ~~","6/૩ ~~ "
"6/4","6/૪ ~~","6/૪ ~~ "
"7","7 ~~","7 ~~ "
"8","8 ~~","8 ~~ "
"9","9 ~~","9 ~~ "
"10","10 ~~","10 ~~ "
"11/p1","11/p૧ ~~","11/p૧ ~~ "
"11/p2","11/p૨ ~~","11/p૨ ~~ "
"11/p3","11/p૩ ~~","11/p૩ ~~ "
"11/p4","11/p૪ ~~","11/p૪ ~~ "
"12","12 ~~","12 ~~ "
"13","13 ~~","13 ~~ "
"14/1","14/૧ ~~","14/૧ ~~ "
"14/2/1","14/૨/૧ ~~","14/૨/૧ ~~ "
"14/2/2","14/૨/૨ ~~","14/૨/૨ ~~ "
"14/2/3","14/૨/૩ ~~","14/૨/૩ ~~ "
"14/3","14/૩ ~~","14/૩ ~~ "
"15/1","15/૧ ~~","15/૧ ~~ "
"15/2","15/૨ ~~","15/૨ ~~ "
"16","16 ~~","16 ~~ "
"16/અ","16/અ ~~","16/અ ~~ "
"17/1","17/૧ ~~","17/૧ ~~ "
"17/2","17/૨ ~~","17/૨ ~~ "
"18/1","18/૧ ~~","18/૧ ~~ "
"18/1/1","18/૧/૧ ~~","18/૧/૧ ~~ "
"18/1અ","18/૧અ ~~","18/૧અ ~~ "
"18/1બ","18/૧બ ~~","18/૧બ ~~ "
"18/2","18/૨ ~~","18/૨ ~~ "
"19","19 ~~","19 ~~ "
"20/1","20/૧ ~~","20/૧ ~~ "
"20/2","20/૨ ~~","20/૨ ~~ "
"21/1","21/૧ ~~","21/૧ ~~ "
"21/2","21/૨ ~~","21/૨ ~~ "
"22/1","22/૧ ~~","22/૧ ~~ "
"22/2","22/૨ ~~","22/૨ ~~ "
"23","23 ~~","23 ~~ "
"24/1","24/૧ ~~","24/૧ ~~ "
"24/2","24/૨ ~~","24/૨ ~~ "
"24/3","24/૩ ~~","24/૩ ~~ "
"25","25 ~~","25 ~~ "
"26/p1","26/p૧ ~~","26/p૧ ~~ "
"26/p2","26/p૨ ~~","26/p૨ ~~ "
"27","27 ~~","27 ~~ "
"28","28 ~~","28 ~~ "
"29/1/p","29/૧/p ~~","29/૧/p ~~ "
"29/2","29/૨ ~~","29/૨ ~~ "
"29/3/p","29/૩/p ~~","29/૩/p ~~ "
"29/4","29/૪ ~~","29/૪ ~~ "
"29/6","29/૬ ~~","29/૬ ~~ "
"29/7","29/૭ ~~","29/૭ ~~ "
"29/p","29/પ ~~","29/પ ~~ "
"30/1","30/૧ ~~","30/૧ ~~ "
"30/2","30/૨ ~~","30/૨ ~~ "
"31","31 ~~","31 ~~ "
"32/1","32/૧ ~~","32/૧ ~~ "
"32/2","32/૨ ~~","32/૨ ~~ "
"32/3","32/૩ ~~","32/૩ ~~ "
"32/4","32/૪ ~~","32/૪ ~~ "
"32/p","32/પ ~~","32/પ ~~ "
"33","33 ~~","33 ~~ "
"34/1","34/૧ ~~","34/૧ ~~ "
"34/2","34/૨ ~~","34/૨ ~~ "
"34/3","34/૩ ~~","34/૩ ~~ "
"34/4","34/૪ ~~","34/૪ ~~ "
"35/1","35/૧ ~~","35/૧ ~~ "
"35/2","35/૨ ~~","35/૨ ~~ "
"36","36 ~~","36 ~~ "
"36/p1","36/p૧ ~~","36/p૧ ~~ "
"37/p","37/p ~~","37/p ~~ "
"38","38 ~~","38 ~~ "
"39","39 ~~","39 ~~ "
"40/1/અ","40/૧/અ ~~","40/૧/અ ~~ "
"40/1/ક","40/૧/ક ~~","40/૧/ક ~~ "
"40/1/ફ","40/૧/ફ ~~","40/૧/ફ ~~ "
"40/1/બ","40/૧/બ ~~","40/૧/બ ~~ "
"40/1/હ","40/૧/હ ~~","40/૧/હ ~~ "
"40/1ઈ","40/૧ઈ ~~","40/૧ઈ ~~ "
"40/1ગ","40/૧ગ ~~","40/૧ગ ~~ "
"40/1ડ","40/૧ડ ~~","40/૧ડ ~~ "
"40/2","40/૨ ~~","40/૨ ~~ "
"40/3","40/૩ ~~","40/૩ ~~ "
"41","41 ~~","41 ~~ "
"42/1/ક","42/૧/ક ~~","42/૧/ક ~~ "
"42/1/ગ","42/૧/ગ ~~","42/૧/ગ ~~ "
"42/1/ડ","42/૧/ડ ~~","42/૧/ડ ~~ "
"42/1/ફ","42/૧/ફ ~~","42/૧/ફ ~~ "
"42/1અ","42/૧અ ~~","42/૧અ ~~ "
"42/1બ","42/૧બ ~~","42/૧બ ~~ "
"42/2","42/૨ ~~","42/૨ ~~ "
"43","43 ~~","43 ~~ "
"44/1","44/૧ ~~","44/૧ ~~ "
"44/2","44/૨ ~~","44/૨ ~~ "
"45","45 ~~","45 ~~ "
"46","46 ~~","46 ~~ "
"47/p","47/p ~~","47/p ~~ "
"48/1","48/૧ ~~","48/૧ ~~ "
"48/2","48/૨ ~~","48/૨ ~~ "
"48/3","48/૩ ~~","48/૩ ~~ "
"48/4/p","48/૪/p ~~","48/૪/p ~~ "
"48/6","48/૬ ~~","48/૬ ~~ "
"48/pઅ","48/પઅ ~~","48/પઅ ~~ "
"48/pબ","48/પબ ~~","48/પબ ~~ "
"49","49 ~~","49 ~~ "
"50/1","50/૧ ~~","50/૧ ~~ "
"50/2","50/૨ ~~","50/૨ ~~ "
"51/p","51/p ~~","51/p ~~ "
"52","52 ~~","52 ~~ "
"52અ","52અ ~~","52અ ~~ "
"53/1","53/૧ ~~","53/૧ ~~ "
"53/2","53/૨ ~~","53/૨ ~~ "
"53/3","53/૩ ~~","53/૩ ~~ "
"54/1","54/૧ ~~","54/૧ ~~ "
"54/2/p","54/૨/p ~~","54/૨/p ~~ "
"55/1","55/૧ ~~","55/૧ ~~ "
"55/2","55/૨ ~~","55/૨ ~~ "
"56","56 ~~","56 ~~ "
"57/1","57/૧ ~~","57/૧ ~~ "
"57/2","57/૨ ~~","57/૨ ~~ "
"58/p1","58/p૧ ~~","58/p૧ ~~ "
"58/p2","58/p૨ ~~","58/p૨ ~~ "
"58/p3","58/p૩ ~~","58/p૩ ~~ "
"58/p4","58/p૪ ~~","58/p૪ ~~ "
"59","59 ~~","59 ~~ "
"60/1","60/૧ ~~","60/૧ ~~ "
"60/2","60/૨ ~~","60/૨ ~~ "
"61/p1","61/p૧ ~~","61/p૧ ~~ "
"61/p2","61/p૨ ~~","61/p૨ ~~ "
"62/1","62/૧ ~~","62/૧ ~~ "
"62/2","62/૨ ~~","62/૨ ~~ "
"63/p","63/p ~~","63/p ~~ "
"64/1","64/૧ ~~","64/૧ ~~ "
"64/2","64/૨ ~~","64/૨ ~~ "
"64/3","64/૩ ~~","64/૩ ~~ "
"65/1/1","65/૧/૧ ~~","65/૧/૧ ~~ "
"65/1/2","65/૧/૨ ~~","65/૧/૨ ~~ "
"65/2","65/૨ ~~","65/૨ ~~ "
"66/1","66/૧ ~~","66/૧ ~~ "
"66/2","66/૨ ~~","66/૨ ~~ "
"67/1","67/૧ ~~","67/૧ ~~ "
"67/2","67/૨ ~~","67/૨ ~~ "
"68/1","68/૧ ~~","68/૧ ~~ "
"68/2","68/૨ ~~","68/૨ ~~ "
"68/3","68/૩ ~~","68/૩ ~~ "
"68/4","68/૪ ~~","68/૪ ~~ "
"68/6","68/૬ ~~","68/૬ ~~ "
"68/7","68/૭ ~~","68/૭ ~~ "
"68/p","68/પ ~~","68/પ ~~ "
"69/p1","69/p૧ ~~","69/p૧ ~~ "
"69/p2","69/p૨ ~~","69/p૨ ~~ "
"70","70 ~~","70 ~~ "
"71","71 ~~","71 ~~ "
"72/1","72/૧ ~~","72/૧ ~~ "
"72/2","72/૨ ~~","72/૨ ~~ "
"73","73 ~~","73 ~~ "
"74/p1","74/p૧ ~~","74/p૧ ~~ "
"74/p2","74/p૨ ~~","74/p૨ ~~ "
"75/1","75/૧ ~~","75/૧ ~~ "
"75/2","75/૨ ~~","75/૨ ~~ "
"75/3/p1","75/૩/p૧ ~~","75/૩/p૧ ~~ "
"75/3p2","75/૩p૨ ~~","75/૩p૨ ~~ "
"75/4","75/૪ ~~","75/૪ ~~ "
"76","76 ~~","76 ~~ "
"77/1","77/૧ ~~","77/૧ ~~ "
"77/2","77/૨ ~~","77/૨ ~~ "
"78/1","78/૧ ~~","78/૧ ~~ "
"78/2","78/૨ ~~","78/૨ ~~ "
"78/3","78/૩ ~~","78/૩ ~~ "
"79","79 ~~","79 ~~ "
"80","80 ~~","80 ~~ "
"81","81 ~~","81 ~~ "
"82","82 ~~","82 ~~ "
"83","83 ~~","83 ~~ "
"84","84 ~~","84 ~~ "
"85","85 ~~","85 ~~ "
"86/1/p","86/૧/p ~~","86/૧/p ~~ "
"86/2","86/૨ ~~","86/૨ ~~ "
"86/3","86/૩ ~~","86/૩ ~~ "
"86/4/p","86/૪/p ~~","86/૪/p ~~ "
"86/p","86/પ ~~","86/પ ~~ "
"87/p","87/p ~~","87/p ~~ "
"88/1/1","88/૧/૧ ~~","88/૧/૧ ~~ "
"88/1/2","88/૧/૨ ~~","88/૧/૨ ~~ "
"88/2","88/૨ ~~","88/૨ ~~ "
"88/3","88/૩ ~~","88/૩ ~~ "
"89","89 ~~","89 ~~ "
"90/1","90/૧ ~~","90/૧ ~~ "
"90/2","90/૨ ~~","90/૨ ~~ "
"91/1/1","91/૧/૧ ~~","91/૧/૧ ~~ "
"91/1/2","91/૧/૨ ~~","91/૧/૨ ~~ "
"91/2","91/૨ ~~","91/૨ ~~ "
"92/1અ","92/૧અ ~~","92/૧અ ~~ "
"92/1ક","92/૧ક ~~","92/૧ક ~~ "
"92/2/p","92/૨/p ~~","92/૨/p ~~ "
"92/p","92/p ~~","92/p ~~ "
"93","93 ~~","93 ~~ "
"94/p","94/p ~~","94/p ~~ "
"95/p","95/p ~~","95/p ~~ "
"96","96 ~~","96 ~~ "
"97","97 ~~","97 ~~ "
"98/1/p","98/૧/p ~~","98/૧/p ~~ "
"98/2/p1","98/૨/p૧ ~~","98/૨/p૧ ~~ "
"98/2/p2","98/૨/p૨ ~~","98/૨/p૨ ~~ "
"98/2/p3","98/૨/p૩ ~~","98/૨/p૩ ~~ "
"98/3","98/૩ ~~","98/૩ ~~ "
"99","99 ~~","99 ~~ "
"100/1/બ","100/૧/બ ~~","100/૧/બ ~~ "
"100/2","100/૨ ~~","100/૨ ~~ "
"100/3","100/૩ ~~","100/૩ ~~ "
"100/4","100/૪ ~~","100/૪ ~~ "
"101/2અ","101/૨અ ~~","101/૨અ ~~ "
"101/બ/3","101/બ/૩ ~~","101/બ/૩ ~~ "
"101/બ/4/p","101/બ/૪/p ~~","101/બ/૪/p ~~ "
"102/1/p1","102/૧/p૧ ~~","102/૧/p૧ ~~ "
"102/1/p2","102/૧/p૨ ~~","102/૧/p૨ ~~ "
"102/2/1અ","102/૨/૧અ ~~","102/૨/૧અ ~~ "
"102/2/1બ","102/૨/૧બ ~~","102/૨/૧બ ~~ "
"102/2/pઅ","102/૨/pઅ ~~","102/૨/pઅ ~~ "
"102/2/pબ","102/૨/pબ ~~","102/૨/pબ ~~ "
"103/1/p","103/૧/p ~~","103/૧/p ~~ "
"103/2/p1/p","103/૨/p૧/p ~~","103/૨/p૧/p ~~ "
"103/2/p2","103/૨/p૨ ~~","103/૨/p૨ ~~ "
"104","104 ~~","104 ~~ "
"105","105 ~~","105 ~~ "
"106/1","106/૧ ~~","106/૧ ~~ "
"106/2","106/૨ ~~","106/૨ ~~ "
"106/3","106/૩ ~~","106/૩ ~~ "
"107/p1","107/p૧ ~~","107/p૧ ~~ "
"107/p2","107/p૨ ~~","107/p૨ ~~ "
"107/p3","107/p૩ ~~","107/p૩ ~~ "
"107/p4","107/p૪ ~~","107/p૪ ~~ "
"107/p6","107/p૬ ~~","107/p૬ ~~ "
"107/p7","107/p૭ ~~","107/p૭ ~~ "
"107/pp","107/pપ ~~","107/pપ ~~ "
"108/1/p1","108/૧/p૧ ~~","108/૧/p૧ ~~ "
"108/1/p2","108/૧/p૨ ~~","108/૧/p૨ ~~ "
"108/2","108/૨ ~~","108/૨ ~~ "
"109","109 ~~","109 ~~ "
"110/1","110/૧ ~~","110/૧ ~~ "
"110/2","110/૨ ~~","110/૨ ~~ "
"110/2p","110/૨p ~~","110/૨p ~~ "
"111/1","111/૧ ~~","111/૧ ~~ "
"111/2","111/૨ ~~","111/૨ ~~ "
"112/1અ","112/૧અ ~~","112/૧અ ~~ "
"112/1બ","112/૧બ ~~","112/૧બ ~~ "
"112/2અ/p","112/૨અ/p ~~","112/૨અ/p ~~ "
"112/બ","112/બ ~~","112/બ ~~ "
"113/3ક","113/૩ક ~~","113/૩ક ~~ "
"113/અ/1/1","113/અ/૧/૧ ~~","113/અ/૧/૧ ~~ "
"113/અ/1/2","113/અ/૧/૨ ~~","113/અ/૧/૨ ~~ "
"113/ક/4/p","113/ક/૪/p ~~","113/ક/૪/p ~~ "
"113/બ","113/બ ~~","113/બ ~~ "
"114/1","114/૧ ~~","114/૧ ~~ "
"114/2","114/૨ ~~","114/૨ ~~ "
"114/3","114/૩ ~~","114/૩ ~~ "
"115/1","115/૧ ~~","115/૧ ~~ "
"115/2","115/૨ ~~","115/૨ ~~ "
"115/3","115/૩ ~~","115/૩ ~~ "
"116","116 ~~","116 ~~ "
"117/p","117/p ~~","117/p ~~ "
"118/p1","118/p૧ ~~","118/p૧ ~~ "
"118/p2","118/p૨ ~~","118/p૨ ~~ "
"119/1/p","119/૧/p ~~","119/૧/p ~~ "
"119/2/p","119/૨/p ~~","119/૨/p ~~ "
"120/1","120/૧ ~~","120/૧ ~~ "
"120/2/p","120/૨/p ~~","120/૨/p ~~ "
"121","121 ~~","121 ~~ "
"121/p1","121/p૧ ~~","121/p૧ ~~ "
"122/1","122/૧ ~~","122/૧ ~~ "
"122/2","122/૨ ~~","122/૨ ~~ "
"123/1","123/૧ ~~","123/૧ ~~ "
"123/2","123/૨ ~~","123/૨ ~~ "
"124","124 ~~","124 ~~ "
"125/1/p","125/૧/p ~~","125/૧/p ~~ "
"125/2","125/૨ ~~","125/૨ ~~ "
"125/3","125/૩ ~~","125/૩ ~~ "
"126/1","126/૧ ~~","126/૧ ~~ "
"126/2","126/૨ ~~","126/૨ ~~ "
"126/3","126/૩ ~~","126/૩ ~~ "
"126/4","126/૪ ~~","126/૪ ~~ "
"126/p","126/પ ~~","126/પ ~~ "
"127","127 ~~","127 ~~ "
"128/1","128/૧ ~~","128/૧ ~~ "
"128/2","128/૨ ~~","128/૨ ~~ "
"128/3","128/૩ ~~","128/૩ ~~ "
"128/4","128/૪ ~~","128/૪ ~~ "
"129/1","129/૧ ~~","129/૧ ~~ "
"129/2","129/૨ ~~","129/૨ ~~ "
"129/3","129/૩ ~~","129/૩ ~~ "
"129/4","129/૪ ~~","129/૪ ~~ "
"129/p","129/પ ~~","129/પ ~~ "
"130","130 ~~","130 ~~ "
"131/1અ","131/૧અ ~~","131/૧અ ~~ "
"131/1બ","131/૧બ ~~","131/૧બ ~~ "
"131/2","131/૨ ~~","131/૨ ~~ "
"131/3/p","131/૩/p ~~","131/૩/p ~~ "
"131/4/p1","131/૪/p૧ ~~","131/૪/p૧ ~~ "
"131/4/p2","131/૪/p૨ ~~","131/૪/p૨ ~~ "
"131/4/p3","131/૪/p૩ ~~","131/૪/p૩ ~~ "
"132/1","132/૧ ~~","132/૧ ~~ "
"132/2","132/૨ ~~","132/૨ ~~ "
"133/1","133/૧ ~~","133/૧ ~~ "
"133/2","133/૨ ~~","133/૨ ~~ "
"133/3","133/૩ ~~","133/૩ ~~ "
"133/4","133/૪ ~~","133/૪ ~~ "
"134/1/p","134/૧/p ~~","134/૧/p ~~ "
"134/2","134/૨ ~~","134/૨ ~~ "
"134/3","134/૩ ~~","134/૩ ~~ "
"135/1","135/૧ ~~","135/૧ ~~ "
"135/2","135/૨ ~~","135/૨ ~~ "
"136/p","136/p ~~","136/p ~~ "
"137","137 ~~","137 ~~ "
"138","138 ~~","138 ~~ "
"139","139 ~~","139 ~~ "
"140/1","140/૧ ~~","140/૧ ~~ "
"140/2/1","140/૨/૧ ~~","140/૨/૧ ~~ "
"140/2/2","140/૨/૨ ~~","140/૨/૨ ~~ "
"140/3","140/૩ ~~","140/૩ ~~ "
"141/1+2","141/૧+૨ ~~","141/૧+૨ ~~ "
"142/1","142/૧ ~~","142/૧ ~~ "
"142/2","142/૨ ~~","142/૨ ~~ "
"143/1","143/૧ ~~","143/૧ ~~ "
"143/2","143/૨ ~~","143/૨ ~~ "
"143/3/p1","143/૩/p૧ ~~","143/૩/p૧ ~~ "
"143/3/p2","143/૩/p૨ ~~","143/૩/p૨ ~~ "
"144/1","144/૧ ~~","144/૧ ~~ "
"144/2","144/૨ ~~","144/૨ ~~ "
"145/1","145/૧ ~~","145/૧ ~~ "
"145/2/1","145/૨/૧ ~~","145/૨/૧ ~~ "
"145/2/2","145/૨/૨ ~~","145/૨/૨ ~~ "
"145/3","145/૩ ~~","145/૩ ~~ "
"146","146 ~~","146 ~~ "
"147/1","147/૧ ~~","147/૧ ~~ "
"147/2","147/૨ ~~","147/૨ ~~ "
"148/1","148/૧ ~~","148/૧ ~~ "
"148/2","148/૨ ~~","148/૨ ~~ "
"148/2/p","148/૨/p ~~","148/૨/p ~~ "
"149/1","149/૧ ~~","149/૧ ~~ "
"149/2","149/૨ ~~","149/૨ ~~ "
"150/1","150/૧ ~~","150/૧ ~~ "
"150/2","150/૨ ~~","150/૨ ~~ "
"151/1","151/૧ ~~","151/૧ ~~ "
"151/2","151/૨ ~~","151/૨ ~~ "
"152","152 ~~","152 ~~ "
"153/1","153/૧ ~~","153/૧ ~~ "
"153/2","153/૨ ~~","153/૨ ~~ "
"153/3","153/૩ ~~","153/૩ ~~ "
"154","154 ~~","154 ~~ "
"154/p","154/p ~~","154/p ~~ "
"155/1અ","155/૧અ ~~","155/૧અ ~~ "
"155/1બ","155/૧બ ~~","155/૧બ ~~ "
"155/2અ","155/૨અ ~~","155/૨અ ~~ "
"155/3","155/૩ ~~","155/૩ ~~ "
"155/4","155/૪ ~~","155/૪ ~~ "
"156/1","156/૧ ~~","156/૧ ~~ "
"156/2","156/૨ ~~","156/૨ ~~ "
"157/1","157/૧ ~~","157/૧ ~~ "
"157/2/p1","157/૨/p૧ ~~","157/૨/p૧ ~~ "
"157/2/p2","157/૨/p૨ ~~","157/૨/p૨ ~~ "
"158","158 ~~","158 ~~ "
"159","159 ~~","159 ~~ "
"160/1","160/૧ ~~","160/૧ ~~ "
"160/2","160/૨ ~~","160/૨ ~~ "
"160/3/p1","160/૩/p૧ ~~","160/૩/p૧ ~~ "
"160/3/p2","160/૩/p૨ ~~","160/૩/p૨ ~~ "
"161/1","161/૧ ~~","161/૧ ~~ "
"161/2","161/૨ ~~","161/૨ ~~ "
"162/1","162/૧ ~~","162/૧ ~~ "
"162/2","162/૨ ~~","162/૨ ~~ "
"162/3","162/૩ ~~","162/૩ ~~ "
"162/4","162/૪ ~~","162/૪ ~~ "
"162/6","162/૬ ~~","162/૬ ~~ "
"162/p","162/પ ~~","162/પ ~~ "
"163/p2","163/p૨ ~~","163/p૨ ~~ "
"163p1","163p૧ ~~","163p૧ ~~ "
"164","164 ~~","164 ~~ "
"165/p","165/p ~~","165/p ~~ "
"166/1","166/૧ ~~","166/૧ ~~ "
"166/2","166/૨ ~~","166/૨ ~~ "
"166/3","166/૩ ~~","166/૩ ~~ "
"167/1","167/૧ ~~","167/૧ ~~ "
"167/2","167/૨ ~~","167/૨ ~~ "
"168","168 ~~","168 ~~ "
"169","169 ~~","169 ~~ "
"170","170 ~~","170 ~~ "
"171/1","171/૧ ~~","171/૧ ~~ "
"171/2/p1","171/૨/p૧ ~~","171/૨/p૧ ~~ "
"171/2/p2","171/૨/p૨ ~~","171/૨/p૨ ~~ "
"172/1","172/૧ ~~","172/૧ ~~ "
"172/2","172/૨ ~~","172/૨ ~~ "
"173","173 ~~","173 ~~ "
"174","174 ~~","174 ~~ "
"175","175 ~~","175 ~~ "
"176","176 ~~","176 ~~ "
"177/1","177/૧ ~~","177/૧ ~~ "
"177/2","177/૨ ~~","177/૨ ~~ "
"177/3","177/૩ ~~","177/૩ ~~ "
"178/1","178/૧ ~~","178/૧ ~~ "
"179/1","179/૧ ~~","179/૧ ~~ "
"179/2","179/૨ ~~","179/૨ ~~ "
"180","180 ~~","180 ~~ "
"181","181 ~~","181 ~~ "
"182/p1","182/p૧ ~~","182/p૧ ~~ "
"182/p2","182/p૨ ~~","182/p૨ ~~ "
"183","183 ~~","183 ~~ "
"184/1","184/૧ ~~","184/૧ ~~ "
"184/2","184/૨ ~~","184/૨ ~~ "
"185/1","185/૧ ~~","185/૧ ~~ "
"185/2","185/૨ ~~","185/૨ ~~ "
"185/3","185/૩ ~~","185/૩ ~~ "
"185/4","185/૪ ~~","185/૪ ~~ "
"186/1","186/૧ ~~","186/૧ ~~ "
"186/2","186/૨ ~~","186/૨ ~~ "
"187/1","187/૧ ~~","187/૧ ~~ "
"187/2","187/૨ ~~","187/૨ ~~ "
"187/3","187/૩ ~~","187/૩ ~~ "
"187/4","187/૪ ~~","187/૪ ~~ "
"187/p","187/પ ~~","187/પ ~~ "
"188/1","188/૧ ~~","188/૧ ~~ "
"188/2","188/૨ ~~","188/૨ ~~ "
"188/3","188/૩ ~~","188/૩ ~~ "
"188/4","188/૪ ~~","188/૪ ~~ "
"188/p","188/પ ~~","188/પ ~~ "
"189/1","189/૧ ~~","189/૧ ~~ "
"189/2","189/૨ ~~","189/૨ ~~ "
"190/1","190/૧ ~~","190/૧ ~~ "
"190/2","190/૨ ~~","190/૨ ~~ "
"190/3","190/૩ ~~","190/૩ ~~ "
"190/4","190/૪ ~~","190/૪ ~~ "
"190/6","190/૬ ~~","190/૬ ~~ "
"190/p","190/પ ~~","190/પ ~~ "
"191/1","191/૧ ~~","191/૧ ~~ "
"191/2","191/૨ ~~","191/૨ ~~ "
"191/3/p","191/૩/p ~~","191/૩/p ~~ "
"191/4","191/૪ ~~","191/૪ ~~ "
"192/1અ","192/૧અ ~~","192/૧અ ~~ "
"192/2/p","192/૨/p ~~","192/૨/p ~~ "
"192/2અ+1બ","192/૨અ+૧બ ~~","192/૨અ+૧બ ~~ "
"193/1","193/૧ ~~","193/૧ ~~ "
"193/2","193/૨ ~~","193/૨ ~~ "
"194/1","194/૧ ~~","194/૧ ~~ "
"194/2","194/૨ ~~","194/૨ ~~ "
"195","195 ~~","195 ~~ "
"196/1","196/૧ ~~","196/૧ ~~ "
"196/2","196/૨ ~~","196/૨ ~~ "
"196/3/p","196/૩/p ~~","196/૩/p ~~ "
"196/4/p","196/૪/p ~~","196/૪/p ~~ "
"196/p","196/પ ~~","196/પ ~~ "
"197/1/p1","197/૧/p૧ ~~","197/૧/p૧ ~~ "
"197/1/p2","197/૧/p૨ ~~","197/૧/p૨ ~~ "
"197/1/p3","197/૧/p૩ ~~","197/૧/p૩ ~~ "
"197/1/p4","197/૧/p૪ ~~","197/૧/p૪ ~~ "
"197/1/pp","197/૧/pપ ~~","197/૧/pપ ~~ "
"197/2/p1","197/૨/p૧ ~~","197/૨/p૧ ~~ "
"197/2/p2","197/૨/p૨ ~~","197/૨/p૨ ~~ "
"197/3","197/૩ ~~","197/૩ ~~ "
"197/4","197/૪ ~~","197/૪ ~~ "
"198/1","198/૧ ~~","198/૧ ~~ "
"198/2","198/૨ ~~","198/૨ ~~ "
"198/3","198/૩ ~~","198/૩ ~~ "
"199","199 ~~","199 ~~ "
"200/p1","200/p૧ ~~","200/p૧ ~~ "
"200/p2","200/p૨ ~~","200/p૨ ~~ "
"200/p3","200/p૩ ~~","200/p૩ ~~ "
"201/1","201/૧ ~~","201/૧ ~~ "
"201/2","201/૨ ~~","201/૨ ~~ "
"201/3","201/૩ ~~","201/૩ ~~ "
"201/4","201/૪ ~~","201/૪ ~~ "
"202/1","202/૧ ~~","202/૧ ~~ "
"202/2","202/૨ ~~","202/૨ ~~ "
"202/3","202/૩ ~~","202/૩ ~~ "
"203/1","203/૧ ~~","203/૧ ~~ "
"203/p1","203/p૧ ~~","203/p૧ ~~ "
"203/p2","203/p૨ ~~","203/p૨ ~~ "
"203/p3","203/p૩ ~~","203/p૩ ~~ "
"203/p4","203/p૪ ~~","203/p૪ ~~ "
"203/pp","203/pપ ~~","203/pપ ~~ "
"204","204 ~~","204 ~~ "
"205","205 ~~","205 ~~ "
"206/1","206/૧ ~~","206/૧ ~~ "
"206/2","206/૨ ~~","206/૨ ~~ "
"207/1","207/૧ ~~","207/૧ ~~ "
"207/1/p","207/૧/p ~~","207/૧/p ~~ "
"207/2","207/૨ ~~","207/૨ ~~ "
"208","208 ~~","208 ~~ "
"209","209 ~~","209 ~~ "
"210","210 ~~","210 ~~ "
"211/p1","211/p૧ ~~","211/p૧ ~~ "
"211/p2","211/p૨ ~~","211/p૨ ~~ "
"212","212 ~~","212 ~~ "
"213/1/p3","213/૧/p૩ ~~","213/૧/p૩ ~~ "
"213/1p","213/૧p ~~","213/૧p ~~ "
"213/1p2","213/૧p૨ ~~","213/૧p૨ ~~ "
"213/2","213/૨ ~~","213/૨ ~~ "
"213/3","213/૩ ~~","213/૩ ~~ "
"213/4","213/૪ ~~","213/૪ ~~ "
"213/6","213/૬ ~~","213/૬ ~~ "
"213/p/અબ","213/પ/અબ ~~","213/પ/અબ ~~ "
"214/1","214/૧ ~~","214/૧ ~~ "
"214/2","214/૨ ~~","214/૨ ~~ "
"215","215 ~~","215 ~~ "
"216","216 ~~","216 ~~ "
"217","217 ~~","217 ~~ "
"218/1","218/૧ ~~","218/૧ ~~ "
"218/2","218/૨ ~~","218/૨ ~~ "
"218/3","218/૩ ~~","218/૩ ~~ "
"219/1/p","219/૧/p ~~","219/૧/p ~~ "
"219/2","219/૨ ~~","219/૨ ~~ "
"220/1/p","220/૧/p ~~","220/૧/p ~~ "
"220/2/p","220/૨/p ~~","220/૨/p ~~ "
"220/3","220/૩ ~~","220/૩ ~~ "
"220/4","220/૪ ~~","220/૪ ~~ "
"220/6/1","220/૬/૧ ~~","220/૬/૧ ~~ "
"220/6/2","220/૬/૨ ~~","220/૬/૨ ~~ "
"220/7","220/૭ ~~","220/૭ ~~ "
"220/p","220/પ ~~","220/પ ~~ "
"221/p","221/p ~~","221/p ~~ "
"222/1","222/૧ ~~","222/૧ ~~ "
"222/2/p","222/૨/p ~~","222/૨/p ~~ "
"222/3/p1","222/૩/p૧ ~~","222/૩/p૧ ~~ "
"222/3/p2","222/૩/p૨ ~~","222/૩/p૨ ~~ "
"223","223 ~~","223 ~~ "
"224/1","224/૧ ~~","224/૧ ~~ "
"224/2","224/૨ ~~","224/૨ ~~ "
"224/2/અ/બ/p","224/૨/અ/બ/p ~~","224/૨/અ/બ/p ~~ "
"225","225 ~~","225 ~~ "
"226/p1","226/p૧ ~~","226/p૧ ~~ "
"226/p2","226/p૨ ~~","226/p૨ ~~ "
"227","227 ~~","227 ~~ "
"228/p1/p","228/p૧/p ~~","228/p૧/p ~~ "
"229/p","229/p ~~","229/p ~~ "
"230/p1","230/p૧ ~~","230/p૧ ~~ "
"230/p1/p1","230/p૧/p૧ ~~","230/p૧/p૧ ~~ "
"230/p1/p2","230/p૧/p૨ ~~","230/p૧/p૨ ~~ "
"230/p1/p3","230/p૧/p૩ ~~","230/p૧/p૩ ~~ "
"230/p2","230/p૨ ~~","230/p૨ ~~ "
"231/1","231/૧ ~~","231/૧ ~~ "
"231/2","231/૨ ~~","231/૨ ~~ "
"232/1","232/૧ ~~","232/૧ ~~ "
"232/2/p1","232/૨/p૧ ~~","232/૨/p૧ ~~ "
"232/2/p1/p1","232/૨/p૧/p૧ ~~","232/૨/p૧/p૧ ~~ "
"232/2/p2","232/૨/p૨ ~~","232/૨/p૨ ~~ "
"233","233 ~~","233 ~~ "
"234p1","234p૧ ~~","234p૧ ~~ "
"234p2","234p૨ ~~","234p૨ ~~ "
"235/1","235/૧ ~~","235/૧ ~~ "
"235/2","235/૨ ~~","235/૨ ~~ "
"236/1","236/૧ ~~","236/૧ ~~ "
"236/1/p1","236/૧/p૧ ~~","236/૧/p૧ ~~ "
"236/1/p2","236/૧/p૨ ~~","236/૧/p૨ ~~ "
"236/2","236/૨ ~~","236/૨ ~~ "
"236/2/p1","236/૨/p૧ ~~","236/૨/p૧ ~~ "
"237/1","237/૧ ~~","237/૧ ~~ "
"237/2","237/૨ ~~","237/૨ ~~ "
"237/3","237/૩ ~~","237/૩ ~~ "
"238/1","238/૧ ~~","238/૧ ~~ "
"238/2/p1","238/૨/p૧ ~~","238/૨/p૧ ~~ "
"238/2/p2","238/૨/p૨ ~~","238/૨/p૨ ~~ "
"238/2/p3","238/૨/p૩ ~~","238/૨/p૩ ~~ "
"238/2/p4","238/૨/p૪ ~~","238/૨/p૪ ~~ "
"239/1/p2","239/૧/p૨ ~~","239/૧/p૨ ~~ "
"239/1p","239/૧p ~~","239/૧p ~~ "
"239/2","239/૨ ~~","239/૨ ~~ "
"239/p3","239/p૩ ~~","239/p૩ ~~ "
"240/1","240/૧ ~~","240/૧ ~~ "
"240/1/1","240/૧/૧ ~~","240/૧/૧ ~~ "
"240/1/2","240/૧/૨ ~~","240/૧/૨ ~~ "
"240/2/1","240/૨/૧ ~~","240/૨/૧ ~~ "
"240/2/2","240/૨/૨ ~~","240/૨/૨ ~~ "
"240/2/3","240/૨/૩ ~~","240/૨/૩ ~~ "
"241/1","241/૧ ~~","241/૧ ~~ "
"241/2","241/૨ ~~","241/૨ ~~ "
"242","242 ~~","242 ~~ "
"243/p","243/p ~~","243/p ~~ "
"244/1","244/૧ ~~","244/૧ ~~ "
"244/2","244/૨ ~~","244/૨ ~~ "
"245","245 ~~","245 ~~ "
"246/1","246/૧ ~~","246/૧ ~~ "
"246/2","246/૨ ~~","246/૨ ~~ "
"247/1+3બ/p1","247/૧+૩બ/p૧ ~~","247/૧+૩બ/p૧ ~~ "
"247/1+3બ/p1/p1","247/૧+૩બ/p૧/p૧ ~~","247/૧+૩બ/p૧/p૧ ~~ "
"247/1+3બ/p1/p2","247/૧+૩બ/p૧/p૨ ~~","247/૧+૩બ/p૧/p૨ ~~ "
"247/1+3બ/p2","247/૧+૩બ/p૨ ~~","247/૧+૩બ/p૨ ~~ "
"247/2","247/૨ ~~","247/૨ ~~ "
"247/3/અ","247/૩/અ ~~","247/૩/અ ~~ "
"248/1","248/૧ ~~","248/૧ ~~ "
"248/2","248/૨ ~~","248/૨ ~~ "
"249/1","249/૧ ~~","249/૧ ~~ "
"249/2","249/૨ ~~","249/૨ ~~ "
"249/3","249/૩ ~~","249/૩ ~~ "
"250","250 ~~","250 ~~ "
"251","251 ~~","251 ~~ "
"252/1","252/૧ ~~","252/૧ ~~ "
"252/2","252/૨ ~~","252/૨ ~~ "
"253/1/p2","253/૧/p૨ ~~","253/૧/p૨ ~~ "
"253/1p1","253/૧p૧ ~~","253/૧p૧ ~~ "
"253/1p3","253/૧p૩ ~~","253/૧p૩ ~~ "
"253/2","253/૨ ~~","253/૨ ~~ "
"253/3p","253/૩p ~~","253/૩p ~~ "
"254/1","254/૧ ~~","254/૧ ~~ "
"254/2","254/૨ ~~","254/૨ ~~ "
"254/3","254/૩ ~~","254/૩ ~~ "
"255/1","255/૧ ~~","255/૧ ~~ "
"255/2","255/૨ ~~","255/૨ ~~ "
"256/1/p1","256/૧/p૧ ~~","256/૧/p૧ ~~ "
"256/1p","256/૧p ~~","256/૧p ~~ "
"256/2+3/p","256/૨+૩/p ~~","256/૨+૩/p ~~ "
"257/1","257/૧ ~~","257/૧ ~~ "
"257/2","257/૨ ~~","257/૨ ~~ "
"257/2/p","257/૨/p ~~","257/૨/p ~~ "
"258","258 ~~","258 ~~ "
"259/p1/p","259/p૧/p ~~","259/p૧/p ~~ "
"259/p2","259/p૨ ~~","259/p૨ ~~ "
"260/1/p1","260/૧/p૧ ~~","260/૧/p૧ ~~ "
"260/1/p2","260/૧/p૨ ~~","260/૧/p૨ ~~ "
"260/2","260/૨ ~~","260/૨ ~~ "
"261","261 ~~","261 ~~ "
"262","262 ~~","262 ~~ "
"263/1","263/૧ ~~","263/૧ ~~ "
"263/2","263/૨ ~~","263/૨ ~~ "
"263/3","263/૩ ~~","263/૩ ~~ "
"263/4","263/૪ ~~","263/૪ ~~ "
"264/1","264/૧ ~~","264/૧ ~~ "
"264/1/p","264/૧/p ~~","264/૧/p ~~ "
"264/2/p1","264/૨/p૧ ~~","264/૨/p૧ ~~ "
"264/2/p2","264/૨/p૨ ~~","264/૨/p૨ ~~ "
"265","265 ~~","265 ~~ "
"266","266 ~~","266 ~~ "
"267/p","267/p ~~","267/p ~~ "
"267/p1","267/p૧ ~~","267/p૧ ~~ "
"268/1p1","268/૧p૧ ~~","268/૧p૧ ~~ "
"268/2","268/૨ ~~","268/૨ ~~ "
"268/p","268/p ~~","268/p ~~ "
"269/1","269/૧ ~~","269/૧ ~~ "
"269/2/p","269/૨/p ~~","269/૨/p ~~ "
"270/1","270/૧ ~~","270/૧ ~~ "
"270/2/p","270/૨/p ~~","270/૨/p ~~ "
"271/p","271/p ~~","271/p ~~ "
"272/p","272/p ~~","272/p ~~ "
"273/1","273/૧ ~~","273/૧ ~~ "
"273/2","273/૨ ~~","273/૨ ~~ "
"274/1","274/૧ ~~","274/૧ ~~ "
"274/2","274/૨ ~~","274/૨ ~~ "
"274/3","274/૩ ~~","274/૩ ~~ "
"275","275 ~~","275 ~~ "
"276/1","276/૧ ~~","276/૧ ~~ "
"276/1/p","276/૧/p ~~","276/૧/p ~~ "
"276/2","276/૨ ~~","276/૨ ~~ "
"276/3/p","276/૩/p ~~","276/૩/p ~~ "
"276/3/p2","276/૩/p૨ ~~","276/૩/p૨ ~~ "
"277/p1","277/p૧ ~~","277/p૧ ~~ "
"277/p2","277/p૨ ~~","277/p૨ ~~ "
"278/1","278/૧ ~~","278/૧ ~~ "
"278/2","278/૨ ~~","278/૨ ~~ "
"279/1","279/૧ ~~","279/૧ ~~ "
"279/2","279/૨ ~~","279/૨ ~~ "
"279/3","279/૩ ~~","279/૩ ~~ "
"279/4","279/૪ ~~","279/૪ ~~ "
"280/p1","280/p૧ ~~","280/p૧ ~~ "
"280/p2","280/p૨ ~~","280/p૨ ~~ "
"281","281 ~~","281 ~~ "
"282","282 ~~","282 ~~ "
"283","283 ~~","283 ~~ "
"284","284 ~~","284 ~~ "
"285/p1","285/p૧ ~~","285/p૧ ~~ "
"285/p2","285/p૨ ~~","285/p૨ ~~ "
"286","286 ~~","286 ~~ "
"287/1","287/૧ ~~","287/૧ ~~ "
"287/2","287/૨ ~~","287/૨ ~~ "
"288/1","288/૧ ~~","288/૧ ~~ "
"288/2","288/૨ ~~","288/૨ ~~ "
"289/p1","289/p૧ ~~","289/p૧ ~~ "
"289/p2","289/p૨ ~~","289/p૨ ~~ "
"289/p3","289/p૩ ~~","289/p૩ ~~ "
"290/1","290/૧ ~~","290/૧ ~~ "
"290/2","290/૨ ~~","290/૨ ~~ "
"290/3","290/૩ ~~","290/૩ ~~ "
"290/4","290/૪ ~~","290/૪ ~~ "
"290/p","290/પ ~~","290/પ ~~ "
"291/1","291/૧ ~~","291/૧ ~~ "
"291/2","291/૨ ~~","291/૨ ~~ "
"292/p1/p1","292/p૧/p૧ ~~","292/p૧/p૧ ~~ "
"292/p1/p2","292/p૧/p૨ ~~","292/p૧/p૨ ~~ "
"292/p2","292/p૨ ~~","292/p૨ ~~ "
"293/1","293/૧ ~~","293/૧ ~~ "
"293/2","293/૨ ~~","293/૨ ~~ "
"294","294 ~~","294 ~~ "
"295/1","295/૧ ~~","295/૧ ~~ "
"295/2","295/૨ ~~","295/૨ ~~ "
"295/3","295/૩ ~~","295/૩ ~~ "
"296/1","296/૧ ~~","296/૧ ~~ "
"296/2","296/૨ ~~","296/૨ ~~ "
"297/1","297/૧ ~~","297/૧ ~~ "
"297/2/p1","297/૨/p૧ ~~","297/૨/p૧ ~~ "
"297/2/p2","297/૨/p૨ ~~","297/૨/p૨ ~~ "
"298","298 ~~","298 ~~ "
"299/1","299/૧ ~~","299/૧ ~~ "
"299/2","299/૨ ~~","299/૨ ~~ "
"300","300 ~~","300 ~~ "
"301/1","301/૧ ~~","301/૧ ~~ "
"301/2","301/૨ ~~","301/૨ ~~ "
"301/3","301/૩ ~~","301/૩ ~~ "
"302/1","302/૧ ~~","302/૧ ~~ "
"302/2","302/૨ ~~","302/૨ ~~ "
"303","303 ~~","303 ~~ "
"304/1/p","304/૧/p ~~","304/૧/p ~~ "
"304/2","304/૨ ~~","304/૨ ~~ "
"305/p","305/p ~~","305/p ~~ "
"306/p","306/p ~~","306/p ~~ "
"307","307 ~~","307 ~~ "
"308","308 ~~","308 ~~ "
"309/1","309/૧ ~~","309/૧ ~~ "
"309/2","309/૨ ~~","309/૨ ~~ "
"310","310 ~~","310 ~~ "
"311/1","311/૧ ~~","311/૧ ~~ "
"311/2/p1","311/૨/p૧ ~~","311/૨/p૧ ~~ "
"311/2/p2","311/૨/p૨ ~~","311/૨/p૨ ~~ "
"311/3","311/૩ ~~","311/૩ ~~ "
"312/1/p","312/૧/p ~~","312/૧/p ~~ "
"312/2","312/૨ ~~","312/૨ ~~ "
"312/3","312/૩ ~~","312/૩ ~~ "
"312/4","312/૪ ~~","312/૪ ~~ "
"312/6","312/૬ ~~","312/૬ ~~ "
"312/7","312/૭ ~~","312/૭ ~~ "
"312/8/1","312/૮/૧ ~~","312/૮/૧ ~~ "
"312/8/2","312/૮/૨ ~~","312/૮/૨ ~~ "
"312/9","312/૯ ~~","312/૯ ~~ "
"312/10","312/૧૦ ~~","312/૧૦ ~~ "
"312/p","312/પ ~~","312/પ ~~ "
"313/1","313/૧ ~~","313/૧ ~~ "
"313/2","313/૨ ~~","313/૨ ~~ "
"313/3","313/૩ ~~","313/૩ ~~ "
"314/p","314/p ~~","314/p ~~ "
"315/1","315/૧ ~~","315/૧ ~~ "
"315/2/p1","315/૨/p૧ ~~","315/૨/p૧ ~~ "
"315/2/p2","315/૨/p૨ ~~","315/૨/p૨ ~~ "
"316","316 ~~","316 ~~ "
"317/અ1","317/અ૧ ~~","317/અ૧ ~~ "
"317/અ2/p","317/અ૨/p ~~","317/અ૨/p ~~ "
"317/બ","317/બ ~~","317/બ ~~ "
"318/1","318/૧ ~~","318/૧ ~~ "
"318/2","318/૨ ~~","318/૨ ~~ "
"318/3","318/૩ ~~","318/૩ ~~ "
"318/4","318/૪ ~~","318/૪ ~~ "
"318/6","318/૬ ~~","318/૬ ~~ "
"318/7","318/૭ ~~","318/૭ ~~ "
"318/8","318/૮ ~~","318/૮ ~~ "
"318/9","318/૯ ~~","318/૯ ~~ "
"318/10","318/૧૦ ~~","318/૧૦ ~~ "
"318/11","318/૧૧ ~~","318/૧૧ ~~ "
"318/12","318/૧૨ ~~","318/૧૨ ~~ "
"318/p","318/પ ~~","318/પ ~~ "
"319/1","319/૧ ~~","319/૧ ~~ "
"319/2","319/૨ ~~","319/૨ ~~ "
"319/3","319/૩ ~~","319/૩ ~~ "
"319/4","319/૪ ~~","319/૪ ~~ "
"319/6","319/૬ ~~","319/૬ ~~ "
"319/7","319/૭ ~~","319/૭ ~~ "
"319/8","319/૮ ~~","319/૮ ~~ "
"319/p","319/પ ~~","319/પ ~~ "
"320/1","320/૧ ~~","320/૧ ~~ "
"320/2","320/૨ ~~","320/૨ ~~ "
"320/3","320/૩ ~~","320/૩ ~~ "
"321/1","321/૧ ~~","321/૧ ~~ "
"321/2","321/૨ ~~","321/૨ ~~ "
"321/3","321/૩ ~~","321/૩ ~~ "
"321/4","321/૪ ~~","321/૪ ~~ "
"322","322 ~~","322 ~~ "
"323","323 ~~","323 ~~ "
"324/1","324/૧ ~~","324/૧ ~~ "
"324/2","324/૨ ~~","324/૨ ~~ "
"324/3","324/૩ ~~","324/૩ ~~ "
"324/4","324/૪ ~~","324/૪ ~~ "
"324/p","324/પ ~~","324/પ ~~ "
"325/1","325/૧ ~~","325/૧ ~~ "
"325/2","325/૨ ~~","325/૨ ~~ "
"325/3","325/૩ ~~","325/૩ ~~ "
"326","326 ~~","326 ~~ "
"327","327 ~~","327 ~~ "
"328","328 ~~","328 ~~ "
"329","329 ~~","329 ~~ "
"330","330 ~~","330 ~~ "
"331","331 ~~","331 ~~ "
"332","332 ~~","332 ~~ "
"333","333 ~~","333 ~~ "
"334/1/p","334/૧/p ~~","334/૧/p ~~ "
"334/2","334/૨ ~~","334/૨ ~~ "
"334/3","334/૩ ~~","334/૩ ~~ "
"335/1","335/૧ ~~","335/૧ ~~ "
"335/2","335/૨ ~~","335/૨ ~~ "
"335/3/p","335/૩/p ~~","335/૩/p ~~ "
"335/4","335/૪ ~~","335/૪ ~~ "
"336/1","336/૧ ~~","336/૧ ~~ "
"336/2","336/૨ ~~","336/૨ ~~ "
"337/1અ","337/૧અ ~~","337/૧અ ~~ "
"337/1બ","337/૧બ ~~","337/૧બ ~~ "
"337/2","337/૨ ~~","337/૨ ~~ "
"338/1","338/૧ ~~","338/૧ ~~ "
"338/2","338/૨ ~~","338/૨ ~~ "
"338/3","338/૩ ~~","338/૩ ~~ "
"339/1","339/૧ ~~","339/૧ ~~ "
"339/2","339/૨ ~~","339/૨ ~~ "
"340/1","340/૧ ~~","340/૧ ~~ "
"340/2","340/૨ ~~","340/૨ ~~ "
"341/1/p","341/૧/p ~~","341/૧/p ~~ "
"341/2","341/૨ ~~","341/૨ ~~ "
"341/3/p","341/૩/p ~~","341/૩/p ~~ "
"341/4","341/૪ ~~","341/૪ ~~ "
"341/p/p","341/પ/p ~~","341/પ/p ~~ "
"342/1/p2","342/૧/p૨ ~~","342/૧/p૨ ~~ "
"342/1p3","342/૧p૩ ~~","342/૧p૩ ~~ "
"342/2","342/૨ ~~","342/૨ ~~ "
"342/p1","342/p૧ ~~","342/p૧ ~~ "
"343/1","343/૧ ~~","343/૧ ~~ "
"343/2","343/૨ ~~","343/૨ ~~ "
"344/1","344/૧ ~~","344/૧ ~~ "
"344/2/p","344/૨/p ~~","344/૨/p ~~ "
"344/3","344/૩ ~~","344/૩ ~~ "
"345/1","345/૧ ~~","345/૧ ~~ "
"345/2","345/૨ ~~","345/૨ ~~ "
"346","346 ~~","346 ~~ "
"347/1","347/૧ ~~","347/૧ ~~ "
"347/2","347/૨ ~~","347/૨ ~~ "
"348","348 ~~","348 ~~ "
"349/1","349/૧ ~~","349/૧ ~~ "
"349/2","349/૨ ~~","349/૨ ~~ "
"349/3","349/૩ ~~","349/૩ ~~ "
"350/p","350/p ~~","350/p ~~ "
"351/1","351/૧ ~~","351/૧ ~~ "
"351/2","351/૨ ~~","351/૨ ~~ "
"352","352 ~~","352 ~~ "
"353/1","353/૧ ~~","353/૧ ~~ "
"353/1/p1","353/૧/p૧ ~~","353/૧/p૧ ~~ "
"353/2","353/૨ ~~","353/૨ ~~ "
"354","354 ~~","354 ~~ "
"355","355 ~~","355 ~~ "
"356/1","356/૧ ~~","356/૧ ~~ "
"356/2","356/૨ ~~","356/૨ ~~ "
"357/1+2","357/૧+૨ ~~","357/૧+૨ ~~ "
"357/2","357/૨ ~~","357/૨ ~~ "
"357+3p8/1/બ/p","357+૩પ૮/૧/બ/p ~~","357+૩પ૮/૧/બ/p ~~ "
"359","359 ~~","359 ~~ "
"360","360 ~~","360 ~~ "
"361/1/p","361/૧/p ~~","361/૧/p ~~ "
"362","362 ~~","362 ~~ "
"363","363 ~~","363 ~~ "
"364/p1","364/p૧ ~~","364/p૧ ~~ "
"365/2/p","365/૨/p ~~","365/૨/p ~~ "
"365/અ/1/p","365/અ/૧/p ~~","365/અ/૧/p ~~ "
"365/બ","365/બ ~~","365/બ ~~ "
"366/1","366/૧ ~~","366/૧ ~~ "
"366/2","366/૨ ~~","366/૨ ~~ "
"366/3","366/૩ ~~","366/૩ ~~ "
"366/4","366/૪ ~~","366/૪ ~~ "
"366/p","366/પ ~~","366/પ ~~ "
"367/1","367/૧ ~~","367/૧ ~~ "
"367/2","367/૨ ~~","367/૨ ~~ "
"367/3","367/૩ ~~","367/૩ ~~ "
"368/1","368/૧ ~~","368/૧ ~~ "
"368/2","368/૨ ~~","368/૨ ~~ "
"368/3","368/૩ ~~","368/૩ ~~ "
"369/1","369/૧ ~~","369/૧ ~~ "
"369/2","369/૨ ~~","369/૨ ~~ "
"369/3","369/૩ ~~","369/૩ ~~ "
"370/1","370/૧ ~~","370/૧ ~~ "
"370/2","370/૨ ~~","370/૨ ~~ "
"370/3/p","370/૩/p ~~","370/૩/p ~~ "
"371","371 ~~","371 ~~ "
"372/p1/p","372/p૧/p ~~","372/p૧/p ~~ "
"372/p2/p","372/p૨/p ~~","372/p૨/p ~~ "
"373/p","373/p ~~","373/p ~~ "
"374/1","374/૧ ~~","374/૧ ~~ "
"374/2","374/૨ ~~","374/૨ ~~ "
"374/3","374/૩ ~~","374/૩ ~~ "
"375/1","375/૧ ~~","375/૧ ~~ "
"375/2","375/૨ ~~","375/૨ ~~ "
"376/1","376/૧ ~~","376/૧ ~~ "
"376/2","376/૨ ~~","376/૨ ~~ "
"377/1","377/૧ ~~","377/૧ ~~ "
"377/2","377/૨ ~~","377/૨ ~~ "
"378/1","378/૧ ~~","378/૧ ~~ "
"378/2","378/૨ ~~","378/૨ ~~ "
"379/1","379/૧ ~~","379/૧ ~~ "
"379/2","379/૨ ~~","379/૨ ~~ "
"380","380 ~~","380 ~~ "
"381/1+2","381/૧+૨ ~~","381/૧+૨ ~~ "
"381/3","381/૩ ~~","381/૩ ~~ "
"381/4/p","381/૪/p ~~","381/૪/p ~~ "
"382","382 ~~","382 ~~ "
"383","383 ~~","383 ~~ "
"383/1/અ/1","383/૧/અ/૧ ~~","383/૧/અ/૧ ~~ "
"383/અ/2","383/અ/૨ ~~","383/અ/૨ ~~ "
"383/અ/3","383/અ/૩ ~~","383/અ/૩ ~~ "
"384/p1","384/p૧ ~~","384/p૧ ~~ "
"384/p2","384/p૨ ~~","384/p૨ ~~ "
"385/p","385/p ~~","385/p ~~ "
"386","386 ~~","386 ~~ "
"387","387 ~~","387 ~~ "
"388/1","388/૧ ~~","388/૧ ~~ "
"388/2","388/૨ ~~","388/૨ ~~ "
"389/1","389/૧ ~~","389/૧ ~~ "
"389/2","389/૨ ~~","389/૨ ~~ "
"390/1/p","390/૧/p ~~","390/૧/p ~~ "
"390/2","390/૨ ~~","390/૨ ~~ "
"390/3","390/૩ ~~","390/૩ ~~ "
"391/1","391/૧ ~~","391/૧ ~~ "
"391/2","391/૨ ~~","391/૨ ~~ "
"391/3","391/૩ ~~","391/૩ ~~ "
"391/4","391/૪ ~~","391/૪ ~~ "
"392/1","392/૧ ~~","392/૧ ~~ "
"392/2","392/૨ ~~","392/૨ ~~ "
"392/3","392/૩ ~~","392/૩ ~~ "
"392/4","392/૪ ~~","392/૪ ~~ "
"393","393 ~~","393 ~~ "
"394/1","394/૧ ~~","394/૧ ~~ "
"394/2","394/૨ ~~","394/૨ ~~ "
"395/p","395/p ~~","395/p ~~ "
"396/1","396/૧ ~~","396/૧ ~~ "
"396/2","396/૨ ~~","396/૨ ~~ "
"396/3/p1","396/૩/p૧ ~~","396/૩/p૧ ~~ "
"396/3/p2","396/૩/p૨ ~~","396/૩/p૨ ~~ "
"397","397 ~~","397 ~~ "
"398/1/p","398/૧/p ~~","398/૧/p ~~ "
"398/2","398/૨ ~~","398/૨ ~~ "
"399/1","399/૧ ~~","399/૧ ~~ "
"399/2+3p","399/૨+૩p ~~","399/૨+૩p ~~ "
"400/1","400/૧ ~~","400/૧ ~~ "
"400/2","400/૨ ~~","400/૨ ~~ "
"401/1","401/૧ ~~","401/૧ ~~ "
"401/2","401/૨ ~~","401/૨ ~~ "
"401/3","401/૩ ~~","401/૩ ~~ "
"402/1","402/૧ ~~","402/૧ ~~ "
"402/2","402/૨ ~~","402/૨ ~~ "
"402/3","402/૩ ~~","402/૩ ~~ "
"402/4","402/૪ ~~","402/૪ ~~ "
"403/1+2","403/૧+૨ ~~","403/૧+૨ ~~ "
"403/3","403/૩ ~~","403/૩ ~~ "
"404","404 ~~","404 ~~ "
"405/p","405/p ~~","405/p ~~ "
"406/p1","406/p૧ ~~","406/p૧ ~~ "
"406/p2","406/p૨ ~~","406/p૨ ~~ "
"406/અ","406/અ ~~","406/અ ~~ "
"406/બ","406/બ ~~","406/બ ~~ "
"407/1","407/૧ ~~","407/૧ ~~ "
"407/2","407/૨ ~~","407/૨ ~~ "
"407/3","407/૩ ~~","407/૩ ~~ "
"408/1","408/૧ ~~","408/૧ ~~ "
"408/2","408/૨ ~~","408/૨ ~~ "
"409","409 ~~","409 ~~ "
"410/1","410/૧ ~~","410/૧ ~~ "
"410/2","410/૨ ~~","410/૨ ~~ "
"411","411 ~~","411 ~~ "
"412/p1/p","412/p૧/p ~~","412/p૧/p ~~ "
"412/p2","412/p૨ ~~","412/p૨ ~~ "
"412/p3","412/p૩ ~~","412/p૩ ~~ "
"413","413 ~~","413 ~~ "
"414/1","414/૧ ~~","414/૧ ~~ "
"414/2","414/૨ ~~","414/૨ ~~ "
"415","415 ~~","415 ~~ "
"416/1","416/૧ ~~","416/૧ ~~ "
"416/2","416/૨ ~~","416/૨ ~~ "
"417","417 ~~","417 ~~ "
"418/1/p","418/૧/p ~~","418/૧/p ~~ "
"418/2/p","418/૨/p ~~","418/૨/p ~~ "
"419/p1","419/p૧ ~~","419/p૧ ~~ "
"419/p2","419/p૨ ~~","419/p૨ ~~ "
"420/p1","420/p૧ ~~","420/p૧ ~~ "
"420/p2","420/p૨ ~~","420/p૨ ~~ "
"421/1","421/૧ ~~","421/૧ ~~ "
"421/2+3+4+p","421/૨+૩+૪+પ ~~","421/૨+૩+૪+પ ~~ "
"422/1","422/૧ ~~","422/૧ ~~ "
"422/2/p","422/૨/p ~~","422/૨/p ~~ "
"423/1","423/૧ ~~","423/૧ ~~ "
"423/2","423/૨ ~~","423/૨ ~~ "
"423/3","423/૩ ~~","423/૩ ~~ "
"423/4","423/૪ ~~","423/૪ ~~ "
"423/6","423/૬ ~~","423/૬ ~~ "
"423/p/p","423/પ/p ~~","423/પ/p ~~ "
"424/1","424/૧ ~~","424/૧ ~~ "
"424/2","424/૨ ~~","424/૨ ~~ "
"424/3/1/p","424/૩/૧/p ~~","424/૩/૧/p ~~ "
"424/3/p1","424/૩/p૧ ~~","424/૩/p૧ ~~ "
"424/3/p2","424/૩/p૨ ~~","424/૩/p૨ ~~ "
"425/1","425/૧ ~~","425/૧ ~~ "
"425/2","425/૨ ~~","425/૨ ~~ "
"425/3","425/૩ ~~","425/૩ ~~ "
"426/1","426/૧ ~~","426/૧ ~~ "
"426/2/p","426/૨/p ~~","426/૨/p ~~ "
"427","427 ~~","427 ~~ "
"428","428 ~~","428 ~~ "
"429","429 ~~","429 ~~ "
"430/1","430/૧ ~~","430/૧ ~~ "
"430/2/p","430/૨/p ~~","430/૨/p ~~ "
"431","431 ~~","431 ~~ "
"432","432 ~~","432 ~~ "
"433","433 ~~","433 ~~ "
"434/1","434/૧ ~~","434/૧ ~~ "
"434/2","434/૨ ~~","434/૨ ~~ "
"434/3","434/૩ ~~","434/૩ ~~ "
"435/1","435/૧ ~~","435/૧ ~~ "
"435/2","435/૨ ~~","435/૨ ~~ "
"436/1","436/૧ ~~","436/૧ ~~ "
"436/2","436/૨ ~~","436/૨ ~~ "
"437","437 ~~","437 ~~ "
"438","438 ~~","438 ~~ "
"439/1/p","439/૧/p ~~","439/૧/p ~~ "
"439/2","439/૨ ~~","439/૨ ~~ "
"440","440 ~~","440 ~~ "
"441","441 ~~","441 ~~ "
"442/1","442/૧ ~~","442/૧ ~~ "
"442/2","442/૨ ~~","442/૨ ~~ "
"442/3","442/૩ ~~","442/૩ ~~ "
"442/4બ","442/૪બ ~~","442/૪બ ~~ "
"443","443 ~~","443 ~~ "
"444/1","444/૧ ~~","444/૧ ~~ "
"444/2","444/૨ ~~","444/૨ ~~ "
"444/3","444/૩ ~~","444/૩ ~~ "
"445","445 ~~","445 ~~ "
"446/1","446/૧ ~~","446/૧ ~~ "
"446/2","446/૨ ~~","446/૨ ~~ "
"446/3","446/૩ ~~","446/૩ ~~ "
"447","447 ~~","447 ~~ "
"448/p","448/p ~~","448/p ~~ "
"449/p","449/p ~~","449/p ~~ "
"450/1","450/૧ ~~","450/૧ ~~ "
"450/2","450/૨ ~~","450/૨ ~~ "
"450/3","450/૩ ~~","450/૩ ~~ "
"451/1/p","451/૧/p ~~","451/૧/p ~~ "
"451/2","451/૨ ~~","451/૨ ~~ "
"452","452 ~~","452 ~~ "
"453/1","453/૧ ~~","453/૧ ~~ "
"453/2","453/૨ ~~","453/૨ ~~ "
"453/3","453/૩ ~~","453/૩ ~~ "
"454/1","454/૧ ~~","454/૧ ~~ "
"454/2","454/૨ ~~","454/૨ ~~ "
"454/3","454/૩ ~~","454/૩ ~~ "
"455","455 ~~","455 ~~ "
"455/1/અ","455/૧/અ ~~","455/૧/અ ~~ "
"455/1/બ","455/૧/બ ~~","455/૧/બ ~~ "
"455/2","455/૨ ~~","455/૨ ~~ "
"455/3","455/૩ ~~","455/૩ ~~ "
"456","456 ~~","456 ~~ "
"457","457 ~~","457 ~~ "
"458/p","458/p ~~","458/p ~~ "
"459","459 ~~","459 ~~ "
"460/1","460/૧ ~~","460/૧ ~~ "
"460/2","460/૨ ~~","460/૨ ~~ "
"461","461 ~~","461 ~~ "
"462/1","462/૧ ~~","462/૧ ~~ "
"462/2","462/૨ ~~","462/૨ ~~ "
"463/1","463/૧ ~~","463/૧ ~~ "
"463/2","463/૨ ~~","463/૨ ~~ "
"463/3","463/૩ ~~","463/૩ ~~ "
"464/1","464/૧ ~~","464/૧ ~~ "
"464/2","464/૨ ~~","464/૨ ~~ "
"465/1","465/૧ ~~","465/૧ ~~ "
"465/2","465/૨ ~~","465/૨ ~~ "
"466/1","466/૧ ~~","466/૧ ~~ "
"466/2","466/૨ ~~","466/૨ ~~ "
"467/p","467/p ~~","467/p ~~ "
"468/1","468/૧ ~~","468/૧ ~~ "
"468/2","468/૨ ~~","468/૨ ~~ "
"468/3","468/૩ ~~","468/૩ ~~ "
"468/4","468/૪ ~~","468/૪ ~~ "
"469/1","469/૧ ~~","469/૧ ~~ "
"469/2/p","469/૨/p ~~","469/૨/p ~~ "
"470/1","470/૧ ~~","470/૧ ~~ "
"470/2","470/૨ ~~","470/૨ ~~ "
"471","471 ~~","471 ~~ "
"472","472 ~~","472 ~~ "
"473/p","473/p ~~","473/p ~~ "
"474/1","474/૧ ~~","474/૧ ~~ "
"474/2","474/૨ ~~","474/૨ ~~ "
"475/1","475/૧ ~~","475/૧ ~~ "
"475/2/p","475/૨/p ~~","475/૨/p ~~ "
"475/2/p2","475/૨/p૨ ~~","475/૨/p૨ ~~ "
"476/1","476/૧ ~~","476/૧ ~~ "
"476/2","476/૨ ~~","476/૨ ~~ "
"476/3/p","476/૩/p ~~","476/૩/p ~~ "
"477/1","477/૧ ~~","477/૧ ~~ "
"477/2","477/૨ ~~","477/૨ ~~ "
"478","478 ~~","478 ~~ "
"479/1","479/૧ ~~","479/૧ ~~ "
"479/2","479/૨ ~~","479/૨ ~~ "
"480","480 ~~","480 ~~ "
"481","481 ~~","481 ~~ "
"482/1","482/૧ ~~","482/૧ ~~ "
"482/2","482/૨ ~~","482/૨ ~~ "
"482/3","482/૩ ~~","482/૩ ~~ "
"483/p","483/p ~~","483/p ~~ "
"484/1","484/૧ ~~","484/૧ ~~ "
"484/2","484/૨ ~~","484/૨ ~~ "
"485","485 ~~","485 ~~ "
"486","486 ~~","486 ~~ "
"487","487 ~~","487 ~~ "
"488/1","488/૧ ~~","488/૧ ~~ "
"488/2","488/૨ ~~","488/૨ ~~ "
"489/1","489/૧ ~~","489/૧ ~~ "
"489/2","489/૨ ~~","489/૨ ~~ "
"489/3","489/૩ ~~","489/૩ ~~ "
"490/1","490/૧ ~~","490/૧ ~~ "
"490/2","490/૨ ~~","490/૨ ~~ "
"490/3","490/૩ ~~","490/૩ ~~ "
"491/1","491/૧ ~~","491/૧ ~~ "
"491/2","491/૨ ~~","491/૨ ~~ "
"491/3","491/૩ ~~","491/૩ ~~ "
"491/4","491/૪ ~~","491/૪ ~~ "
"491/p","491/પ ~~","491/પ ~~ "
"492","492 ~~","492 ~~ "
"493/1","493/૧ ~~","493/૧ ~~ "
"493/2","493/૨ ~~","493/૨ ~~ "
"493/3/p","493/૩/p ~~","493/૩/p ~~ "
"493/4/p","493/૪/p ~~","493/૪/p ~~ "
"494/1","494/૧ ~~","494/૧ ~~ "
"494/2","494/૨ ~~","494/૨ ~~ "
"495/1/p1","495/૧/p૧ ~~","495/૧/p૧ ~~ "
"495/1/p2","495/૧/p૨ ~~","495/૧/p૨ ~~ "
"495/2/p1","495/૨/p૧ ~~","495/૨/p૧ ~~ "
"495/2/p2","495/૨/p૨ ~~","495/૨/p૨ ~~ "
"495/3/1","495/૩/૧ ~~","495/૩/૧ ~~ "
"495/3/2","495/૩/૨ ~~","495/૩/૨ ~~ "
"495/4/p1","495/૪/p૧ ~~","495/૪/p૧ ~~ "
"495/4/p2","495/૪/p૨ ~~","495/૪/p૨ ~~ "
"495/6","495/૬ ~~","495/૬ ~~ "
"495/7","495/૭ ~~","495/૭ ~~ "
"495/8","495/૮ ~~","495/૮ ~~ "
"495/p/p1","495/પ/p૧ ~~","495/પ/p૧ ~~ "
"495/p/p2","495/પ/p૨ ~~","495/પ/p૨ ~~ "
"496","496 ~~","496 ~~ "
"497/1","497/૧ ~~","497/૧ ~~ "
"497/2","497/૨ ~~","497/૨ ~~ "
"497/3","497/૩ ~~","497/૩ ~~ "
"497/4","497/૪ ~~","497/૪ ~~ "
"498/1+2/p","498/૧+૨/p ~~","498/૧+૨/p ~~ "
"499/1/અ/બ/p","499/૧/અ/બ/p ~~","499/૧/અ/બ/p ~~ "
"499/2અ","499/૨અ ~~","499/૨અ ~~ "
"499/2બ","499/૨બ ~~","499/૨બ ~~ "
"500","500 ~~","500 ~~ "
"501/1","501/૧ ~~","501/૧ ~~ "
"501/2","501/૨ ~~","501/૨ ~~ "
"502/p","502/p ~~","502/p ~~ "
"503/1","503/૧ ~~","503/૧ ~~ "
"503/2","503/૨ ~~","503/૨ ~~ "
"504/1","504/૧ ~~","504/૧ ~~ "
"504/2","504/૨ ~~","504/૨ ~~ "
"505","505 ~~","505 ~~ "
"506/1","506/૧ ~~","506/૧ ~~ "
"506/2","506/૨ ~~","506/૨ ~~ "
"507","507 ~~","507 ~~ "
"508","508 ~~","508 ~~ "
"509/1","509/૧ ~~","509/૧ ~~ "
"509/2","509/૨ ~~","509/૨ ~~ "
"509/3","509/૩ ~~","509/૩ ~~ "
"509/4","509/૪ ~~","509/૪ ~~ "
"509/6/અ","509/૬/અ ~~","509/૬/અ ~~ "
"509/6બ","509/૬બ ~~","509/૬બ ~~ "
"509/7+8/p2","509/૭+૮/p૨ ~~","509/૭+૮/p૨ ~~ "
"509/7+8/p3","509/૭+૮/p૩ ~~","509/૭+૮/p૩ ~~ "
"509/7+8p1","509/૭+૮p૧ ~~","509/૭+૮p૧ ~~ "
"509/p","509/પ ~~","509/પ ~~ "
"510/1/p","510/૧/p ~~","510/૧/p ~~ "
"510/2/p","510/૨/p ~~","510/૨/p ~~ "
"511/1","511/૧ ~~","511/૧ ~~ "
"511/2","511/૨ ~~","511/૨ ~~ "
"511/3","511/૩ ~~","511/૩ ~~ "
"512","512 ~~","512 ~~ "
"513","513 ~~","513 ~~ "
"514/1/p","514/૧/p ~~","514/૧/p ~~ "
"514/2","514/૨ ~~","514/૨ ~~ "
"515","515 ~~","515 ~~ "
"516","516 ~~","516 ~~ "
"517","517 ~~","517 ~~ "
"518","518 ~~","518 ~~ "
"519","519 ~~","519 ~~ "
"520","520 ~~","520 ~~ "
"521/1/1","521/૧/૧ ~~","521/૧/૧ ~~ "
"521/1/2","521/૧/૨ ~~","521/૧/૨ ~~ "
"521/2","521/૨ ~~","521/૨ ~~ "
"522/1","522/૧ ~~","522/૧ ~~ "
"522/2","522/૨ ~~","522/૨ ~~ "
"523/p1","523/p૧ ~~","523/p૧ ~~ "
"523/p2","523/p૨ ~~","523/p૨ ~~ "
"524","524 ~~","524 ~~ "
"525","525 ~~","525 ~~ "
"526/1","526/૧ ~~","526/૧ ~~ "
"526/2","526/૨ ~~","526/૨ ~~ "
"527","527 ~~","527 ~~ "
"528","528 ~~","528 ~~ "
"529/1","529/૧ ~~","529/૧ ~~ "
"529/2","529/૨ ~~","529/૨ ~~ "
"529/3/1","529/૩/૧ ~~","529/૩/૧ ~~ "
"529/3/2","529/૩/૨ ~~","529/૩/૨ ~~ "
"529/4","529/૪ ~~","529/૪ ~~ "
"529/6","529/૬ ~~","529/૬ ~~ "
"529/7","529/૭ ~~","529/૭ ~~ "
"529/p","529/પ ~~","529/પ ~~ "
"530","530 ~~","530 ~~ "
"531/p1/p","531/p૧/p ~~","531/p૧/p ~~ "
"531/p2","531/p૨ ~~","531/p૨ ~~ "
"532/1","532/૧ ~~","532/૧ ~~ "
"532/2/અ/p2","532/૨/અ/p૨ ~~","532/૨/અ/p૨ ~~ "
"532/2/બ","532/૨/બ ~~","532/૨/બ ~~ "
"533","533 ~~","533 ~~ "
"534/p","534/p ~~","534/p ~~ "
"535/1","535/૧ ~~","535/૧ ~~ "
"535/2","535/૨ ~~","535/૨ ~~ "
"536","536 ~~","536 ~~ "
"537","537 ~~","537 ~~ "
"538/1","538/૧ ~~","538/૧ ~~ "
"538/2","538/૨ ~~","538/૨ ~~ "
"539/1","539/૧ ~~","539/૧ ~~ "
"539/2","539/૨ ~~","539/૨ ~~ "
"540/1/p","540/૧/p ~~","540/૧/p ~~ "
"540/2","540/૨ ~~","540/૨ ~~ "
"541","541 ~~","541 ~~ "
"542/1/p","542/૧/p ~~","542/૧/p ~~ "
"542/2","542/૨ ~~","542/૨ ~~ "
"542/3","542/૩ ~~","542/૩ ~~ "
"542/4/p","542/૪/p ~~","542/૪/p ~~ "
"543","543 ~~","543 ~~ "
"544/p2","544/p૨ ~~","544/p૨ ~~ "
"544p/1","544p/૧ ~~","544p/૧ ~~ "
"545/p","545/p ~~","545/p ~~ "
"546","546 ~~","546 ~~ "
"547/p","547/p ~~","547/p ~~ "
"548/1/p","548/૧/p ~~","548/૧/p ~~ "
"548/2/p","548/૨/p ~~","548/૨/p ~~ "
"549/1/અ","549/૧/અ ~~","549/૧/અ ~~ "
"549/1/ક","549/૧/ક ~~","549/૧/ક ~~ "
"549/1/બ","549/૧/બ ~~","549/૧/બ ~~ "
"549/2/અબ","549/૨/અબ ~~","549/૨/અબ ~~ "
"549/3/અ","549/૩/અ ~~","549/૩/અ ~~ "
"549/3/બ","549/૩/બ ~~","549/૩/બ ~~ "
"549/4","549/૪ ~~","549/૪ ~~ "
"550/p","550/p ~~","550/p ~~ "
"551/1+2+3","551/૧+૨+૩ ~~","551/૧+૨+૩ ~~ "
"552/1","552/૧ ~~","552/૧ ~~ "
"552/2","552/૨ ~~","552/૨ ~~ "
"552/3","552/૩ ~~","552/૩ ~~ "
"552/4","552/૪ ~~","552/૪ ~~ "
"552/p","552/પ ~~","552/પ ~~ "
"553/1","553/૧ ~~","553/૧ ~~ "
"553/2","553/૨ ~~","553/૨ ~~ "
"553/3","553/૩ ~~","553/૩ ~~ "
"553/4","553/૪ ~~","553/૪ ~~ "
"553/6","553/૬ ~~","553/૬ ~~ "
"553/p","553/પ ~~","553/પ ~~ "
"554/p1","554/p૧ ~~","554/p૧ ~~ "
"554/p2/p","554/p૨/p ~~","554/p૨/p ~~ "
"554/p2/p+532/2/અ/p3+562/2","554/p2/p+532/2/અ/p3+562/2 ~~","554/p2/p+532/2/અ/p3+562/2 ~~ "
"555","555 ~~","555 ~~ "
"556","556 ~~","556 ~~ "
"557/1","557/૧ ~~","557/૧ ~~ "
"557/2","557/૨ ~~","557/૨ ~~ "
"558","558 ~~","558 ~~ "
"559/1","559/૧ ~~","559/૧ ~~ "
"559/2","559/૨ ~~","559/૨ ~~ "
"560","560 ~~","560 ~~ "
"561","561 ~~","561 ~~ "
"562/1/અ","562/૧/અ ~~","562/૧/અ ~~ "
"562/1ક","562/૧ક ~~","562/૧ક ~~ "
"562/1બ","562/૧બ ~~","562/૧બ ~~ "
"563","563 ~~","563 ~~ "
"564","564 ~~","564 ~~ "
"565/1અ","565/૧અ ~~","565/૧અ ~~ "
"565/2","565/૨ ~~","565/૨ ~~ "
"565/3/અ","565/૩/અ ~~","565/૩/અ ~~ "
"565/3/બ","565/૩/બ ~~","565/૩/બ ~~ "
"566/1","566/૧ ~~","566/૧ ~~ "
"566/2/p","566/૨/p ~~","566/૨/p ~~ "
"566/3","566/૩ ~~","566/૩ ~~ "
"566/4/p","566/૪/p ~~","566/૪/p ~~ "
"567/1/p","567/૧/p ~~","567/૧/p ~~ "
"567/2","567/૨ ~~","567/૨ ~~ "
"567/3","567/૩ ~~","567/૩ ~~ "
"568","568 ~~","568 ~~ "
"569/1","569/૧ ~~","569/૧ ~~ "
"569/2","569/૨ ~~","569/૨ ~~ "
"569/3","569/૩ ~~","569/૩ ~~ "
"570/1","570/૧ ~~","570/૧ ~~ "
"570/2","570/૨ ~~","570/૨ ~~ "
"571/1","571/૧ ~~","571/૧ ~~ "
"571/2","571/૨ ~~","571/૨ ~~ "
"572/1/p","572/૧/p ~~","572/૧/p ~~ "
"572/2","572/૨ ~~","572/૨ ~~ "
"573","573 ~~","573 ~~ "
"574","574 ~~","574 ~~ "
"575/1/p","575/૧/p ~~","575/૧/p ~~ "
"575/2","575/૨ ~~","575/૨ ~~ "
"576/1","576/૧ ~~","576/૧ ~~ "
"576/2/p","576/૨/p ~~","576/૨/p ~~ "
"576/3","576/૩ ~~","576/૩ ~~ "
"577/1","577/૧ ~~","577/૧ ~~ "
"577/2","577/૨ ~~","577/૨ ~~ "
"577/3","577/૩ ~~","577/૩ ~~ "
"578/p","578/p ~~","578/p ~~ "
"579/1","579/૧ ~~","579/૧ ~~ "
"579/2","579/૨ ~~","579/૨ ~~ "
"579/3","579/૩ ~~","579/૩ ~~ "
"580","580 ~~","580 ~~ "
"581/1","581/૧ ~~","581/૧ ~~ "
"581/2","581/૨ ~~","581/૨ ~~ "
"581/3","581/૩ ~~","581/૩ ~~ "
"582/p1","582/p૧ ~~","582/p૧ ~~ "
"582/p2","582/p૨ ~~","582/p૨ ~~ "
"583/1","583/૧ ~~","583/૧ ~~ "
"583/2","583/૨ ~~","583/૨ ~~ "
"583/3","583/૩ ~~","583/૩ ~~ "
"583/4","583/૪ ~~","583/૪ ~~ "
"584/1","584/૧ ~~","584/૧ ~~ "
"584/2","584/૨ ~~","584/૨ ~~ "
"585/1","585/૧ ~~","585/૧ ~~ "
"585/2","585/૨ ~~","585/૨ ~~ "
"585/3","585/૩ ~~","585/૩ ~~ "
"585/4","585/૪ ~~","585/૪ ~~ "
"586/1","586/૧ ~~","586/૧ ~~ "
"586/2","586/૨ ~~","586/૨ ~~ "
"587/1","587/૧ ~~","587/૧ ~~ "
"587/2","587/૨ ~~","587/૨ ~~ "
"588/1+2/p1","588/૧+૨/p૧ ~~","588/૧+૨/p૧ ~~ "
"588/1+2/p2","588/૧+૨/p૨ ~~","588/૧+૨/p૨ ~~ "
"589/p","589/p ~~","589/p ~~ "
"590/1","590/૧ ~~","590/૧ ~~ "
"590/2","590/૨ ~~","590/૨ ~~ "
"591/1+2/p","591/૧+૨/p ~~","591/૧+૨/p ~~ "
"592","592 ~~","592 ~~ "
"593/1","593/૧ ~~","593/૧ ~~ "
"593/2","593/૨ ~~","593/૨ ~~ "
"593/3","593/૩ ~~","593/૩ ~~ "
"594/p","594/p ~~","594/p ~~ "
"595/1","595/૧ ~~","595/૧ ~~ "
"595/2","595/૨ ~~","595/૨ ~~ "
"595/3","595/૩ ~~","595/૩ ~~ "
"596/p","596/p ~~","596/p ~~ "
"597","597 ~~","597 ~~ "
"598/p","598/p ~~","598/p ~~ "
"599/1","599/૧ ~~","599/૧ ~~ "
"599/2/1","599/૨/૧ ~~","599/૨/૧ ~~ "
"599/2/2","599/૨/૨ ~~","599/૨/૨ ~~ "
"599/3/p","599/૩/p ~~","599/૩/p ~~ "
"600","600 ~~","600 ~~ "
"601","601 ~~","601 ~~ "
"602","602 ~~","602 ~~ "
"603/1","603/૧ ~~","603/૧ ~~ "
"603/2","603/૨ ~~","603/૨ ~~ "
"604/1","604/૧ ~~","604/૧ ~~ "
"604/2","604/૨ ~~","604/૨ ~~ "
"604/3","604/૩ ~~","604/૩ ~~ "
"605/1","605/૧ ~~","605/૧ ~~ "
"605/2","605/૨ ~~","605/૨ ~~ "
"606/p","606/p ~~","606/p ~~ "
"607/1","607/૧ ~~","607/૧ ~~ "
"607/2","607/૨ ~~","607/૨ ~~ "
"608","608 ~~","608 ~~ "
"609","609 ~~","609 ~~ "
"610/1","610/૧ ~~","610/૧ ~~ "
"610/2","610/૨ ~~","610/૨ ~~ "
"611/1/1","611/૧/૧ ~~","611/૧/૧ ~~ "
"611/1/2","611/૧/૨ ~~","611/૧/૨ ~~ "
"611/2","611/૨ ~~","611/૨ ~~ "
"611/3","611/૩ ~~","611/૩ ~~ "
"611/4","611/૪ ~~","611/૪ ~~ "
"611/6","611/૬ ~~","611/૬ ~~ "
"611/p/1","611/પ/૧ ~~","611/પ/૧ ~~ "
"611/p/2","611/પ/૨ ~~","611/પ/૨ ~~ "
"612","612 ~~","612 ~~ "
"613/p","613/p ~~","613/p ~~ "
"614/p","614/p ~~","614/p ~~ "
"615","615 ~~","615 ~~ "
"616","616 ~~","616 ~~ "
"617/6/7/12/13/p","617/૬/૭/૧૨/૧૩/p ~~","617/૬/૭/૧૨/૧૩/p ~~ "
"617/p","617/p ~~","617/p ~~ "
"618/1","618/૧ ~~","618/૧ ~~ "
"618/2","618/૨ ~~","618/૨ ~~ "
"619/1","619/૧ ~~","619/૧ ~~ "
"619/2","619/૨ ~~","619/૨ ~~ "
"620/1","620/૧ ~~","620/૧ ~~ "
"620/2","620/૨ ~~","620/૨ ~~ "
"620/3","620/૩ ~~","620/૩ ~~ "
"621","621 ~~","621 ~~ "
"622/1","622/૧ ~~","622/૧ ~~ "
"622/2","622/૨ ~~","622/૨ ~~ "
"622/3","622/૩ ~~","622/૩ ~~ "
"622/4","622/૪ ~~","622/૪ ~~ "
"623/1","623/૧ ~~","623/૧ ~~ "
"623/2","623/૨ ~~","623/૨ ~~ "
"623/3","623/૩ ~~","623/૩ ~~ "
"623/4","623/૪ ~~","623/૪ ~~ "
"624","624 ~~","624 ~~ "
"625","625 ~~","625 ~~ "
"626","626 ~~","626 ~~ "
"627","627 ~~","627 ~~ "
"628/p","628/p ~~","628/p ~~ "
"629","629 ~~","629 ~~ "
"630/p","630/p ~~","630/p ~~ "
"631","631 ~~","631 ~~ "
"632/1/અ","632/૧/અ ~~","632/૧/અ ~~ "
"632/1/બ","632/૧/બ ~~","632/૧/બ ~~ "
"632/2/p","632/૨/p ~~","632/૨/p ~~ "
"633","633 ~~","633 ~~ "
"634","634 ~~","634 ~~ "
"635","635 ~~","635 ~~ "
"636","636 ~~","636 ~~ "
"637/p","637/p ~~","637/p ~~ "
"638","638 ~~","638 ~~ "
"639/p","639/p ~~","639/p ~~ "
"640/p","640/p ~~","640/p ~~ "
"641/1","641/૧ ~~","641/૧ ~~ "
"641/2","641/૨ ~~","641/૨ ~~ "
"641/3","641/૩ ~~","641/૩ ~~ "
"642/1","642/૧ ~~","642/૧ ~~ "
"642/2","642/૨ ~~","642/૨ ~~ "
"642/3","642/૩ ~~","642/૩ ~~ "
"643","643 ~~","643 ~~ "
"644/p1/p","644/p૧/p ~~","644/p૧/p ~~ "
"645","645 ~~","645 ~~ "
"646/p","646/p ~~","646/p ~~ "
"647/p","647/p ~~","647/p ~~ "
"648/1/p","648/૧/p ~~","648/૧/p ~~ "
"648/2","648/૨ ~~","648/૨ ~~ "
"648/3","648/૩ ~~","648/૩ ~~ "
"649","649 ~~","649 ~~ "
"650","650 ~~","650 ~~ "
"651","651 ~~","651 ~~ "
"652/p","652/p ~~","652/p ~~ "
"653","653 ~~","653 ~~ "
"654/p","654/p ~~","654/p ~~ "
"655","655 ~~","655 ~~ "
"656/1/p","656/૧/p ~~","656/૧/p ~~ "
"656/2","656/૨ ~~","656/૨ ~~ "
"657","657 ~~","657 ~~ "
"658","658 ~~","658 ~~ "
"659","659 ~~","659 ~~ "
"660/1","660/૧ ~~","660/૧ ~~ "
"660/2","660/૨ ~~","660/૨ ~~ "
"661/1+3","661/૧+૩ ~~","661/૧+૩ ~~ "
"661/2","661/૨ ~~","661/૨ ~~ "
"661/4","661/૪ ~~","661/૪ ~~ "
"661/6","661/૬ ~~","661/૬ ~~ "
"661/7","661/૭ ~~","661/૭ ~~ "
"661/p","661/પ ~~","661/પ ~~ "
"662","662 ~~","662 ~~ "
"663","663 ~~","663 ~~ "
"664","664 ~~","664 ~~ "
"665","665 ~~","665 ~~ "
"666/1","666/૧ ~~","666/૧ ~~ "
"666/2","666/૨ ~~","666/૨ ~~ "
"667","667 ~~","667 ~~ "
"668","668 ~~","668 ~~ "
"669","669 ~~","669 ~~ "
"670","670 ~~","670 ~~ "
"671","671 ~~","671 ~~ "
"672","672 ~~","672 ~~ "
"673","673 ~~","673 ~~ "
"674","674 ~~","674 ~~ "
"675/p","675/p ~~","675/p ~~ "
"676","676 ~~","676 ~~ "
"677/1/p1","677/૧/p૧ ~~","677/૧/p૧ ~~ "
"677/1/p2","677/૧/p૨ ~~","677/૧/p૨ ~~ "
"677/1/p3","677/૧/p૩ ~~","677/૧/p૩ ~~ "
"677/2","677/૨ ~~","677/૨ ~~ "
"678","678 ~~","678 ~~ "
"679/p","679/p ~~","679/p ~~ "
"680","680 ~~","680 ~~ "
"681/p","681/p ~~","681/p ~~ "
"682/p","682/p ~~","682/p ~~ "
"683/1","683/૧ ~~","683/૧ ~~ "
"683/2","683/૨ ~~","683/૨ ~~ "
"683/3","683/૩ ~~","683/૩ ~~ "
"684","684 ~~","684 ~~ "
"685/1","685/૧ ~~","685/૧ ~~ "
"685/2","685/૨ ~~","685/૨ ~~ "
"685/3","685/૩ ~~","685/૩ ~~ "
"686/1","686/૧ ~~","686/૧ ~~ "
"686/2","686/૨ ~~","686/૨ ~~ "
"687/1/1","687/૧/૧ ~~","687/૧/૧ ~~ "
"687/1/2","687/૧/૨ ~~","687/૧/૨ ~~ "
"687/2","687/૨ ~~","687/૨ ~~ "
"688/p","688/p ~~","688/p ~~ "
"689/1","689/૧ ~~","689/૧ ~~ "
"689/2","689/૨ ~~","689/૨ ~~ "
"689/3","689/૩ ~~","689/૩ ~~ "
"689/4","689/૪ ~~","689/૪ ~~ "
"690/p","690/p ~~","690/p ~~ "
"691/1","691/૧ ~~","691/૧ ~~ "
"691/2/p","691/૨/p ~~","691/૨/p ~~ "
"692/1","692/૧ ~~","692/૧ ~~ "
"692/2","692/૨ ~~","692/૨ ~~ "
"692/3","692/૩ ~~","692/૩ ~~ "
"693","693 ~~","693 ~~ "
"694/1","694/૧ ~~","694/૧ ~~ "
"694/2+694/3p","694/૨+૬૯૪/૩p ~~","694/૨+૬૯૪/૩p ~~ "
"694/3/p2","694/૩/p૨ ~~","694/૩/p૨ ~~ "
"694/4/p1","694/૪/p૧ ~~","694/૪/p૧ ~~ "
"694/4/p2","694/૪/p૨ ~~","694/૪/p૨ ~~ "
"695/p","695/p ~~","695/p ~~ "
"696","696 ~~","696 ~~ "
"697/1","697/૧ ~~","697/૧ ~~ "
"697/2","697/૨ ~~","697/૨ ~~ "
"697/3","697/૩ ~~","697/૩ ~~ "
"697/4","697/૪ ~~","697/૪ ~~ "
"698/1","698/૧ ~~","698/૧ ~~ "
"698/2","698/૨ ~~","698/૨ ~~ "
"699/1","699/૧ ~~","699/૧ ~~ "
"699/2","699/૨ ~~","699/૨ ~~ "
"700/1","700/૧ ~~","700/૧ ~~ "
"700/2","700/૨ ~~","700/૨ ~~ "
"701/1","701/૧ ~~","701/૧ ~~ "
"701/2","701/૨ ~~","701/૨ ~~ "
"702","702 ~~","702 ~~ "