jantri_district,jantri_taluka,jantri_village,village_key,village_id,n_rows,n_surveys,match,tie,ircms_district,ircms_district_code,ircms_taluka,ircms_taluka_code,ircms_village_code,ircms_village_en,ircms_village_gu
ANAND,ANAND,ADAS,ADAS,1107,39,1483,exact,taluka,ANAND,15,Anand,04,035,Adas,અડાસ
ANAND,ANAND,AJARPURA,AJARPURA,1108,83,2082,exact,taluka,ANAND,15,Anand,04,004,Ajarpura,અજરપુરા
ANAND,ANAND,ANKLAVDI,ANKLAVDI,1109,20,367,exact,taluka,ANAND,15,Anand,04,034,Anklavdi,આંકલાવડી
ANAND,ANAND,BEDVA,BEDVA,1110,10,387,exact,taluka,ANAND,15,Anand,04,017,Bedva,બેડવા
ANAND,ANAND,CHIKHODRA,CHIKHODRA,1111,104,1730,exact,taluka,ANAND,15,Anand,04,011,Chikhodra,ચિખોદરા
ANAND,ANAND,GAMDI,GAMDI,1112,58,781,exact,taluka,ANAND,15,Anand,04,012,Gamdi,ગામડી
ANAND,ANAND,GANA,GANA,1113,18,481,exact,taluka,ANAND,15,Anand,04,028,Gana,ગાના
ANAND,ANAND,GOPALPURA,GOPALPURA,1114,12,183,exact,taluka,ANAND,15,Anand,04,031,Gopalpura,ગોપાલપુરા
ANAND,ANAND,HADGOOD,HADGOOD,1115,24,314,exact,taluka,ANAND,15,Anand,04,023,Hadgood,હાડગુડ
ANAND,ANAND,JAKHARIYA,JAKHARIYA,1116,7,213,exact,taluka,ANAND,15,Anand,04,032,Jakhariya,ઝાંખરીયા
ANAND,ANAND,JITODIYA,JITODIYA,1117,35,372,exact,taluka,ANAND,15,Anand,04,024,Jitodiya,જીટોડીયા
ANAND,ANAND,JOL,JOL,1118,64,1642,exact,taluka,ANAND,15,Anand,04,014,Jol,જોળ
ANAND,ANAND,KASOR,KASOR,1119,32,1951,exact,taluka,ANAND,15,Anand,04,003,Kasor,કાસોર
ANAND,ANAND,KHAMBHOLAJ,KHAMBHOLAJ,1120,11,1294,exact,taluka,ANAND,15,Anand,04,009,Khambholaj,ખંભોળજ
ANAND,ANAND,KHANDHALI,KHANDHALI,1121,48,305,exact,taluka,ANAND,15,Anand,04,039,Khandhali,ખાંધલી
ANAND,ANAND,KHANPUR,KHANPUR,1122,14,725,exact,taluka,ANAND,15,Anand,04,019,Khanpur,ખાનપુર
ANAND,ANAND,KHERDA,KHERDA,1123,6,212,exact,taluka,ANAND,15,Anand,04,020,Kherda,ખેરડા
ANAND,ANAND,KUNJRAO,KUNJRAO,1124,78,857,exact,taluka,ANAND,15,Anand,04,008,Kunjrao,કુંજરાવ
ANAND,ANAND,LAMBHVEL,LAMBHVEL,1125,19,635,exact,taluka,ANAND,15,Anand,04,013,Lambhvel,લાંભવેલ
ANAND,ANAND,MEGHVA GANA,MEGHVAGANA,1126,12,256,exact,taluka,ANAND,15,Anand,04,038,Meghva Gana,મે઼ઘવાગાના
ANAND,ANAND,MOGAR,MOGAR,1127,48,784,exact,taluka,ANAND,15,Anand,04,022,Mogar,મોગર
ANAND,ANAND,MOGARI,MOGARI,1128,38,1884,exact,taluka,ANAND,15,Anand,04,025,Mogari,મોગરી
ANAND,ANAND,NAPAD TALPAD,NAPADTALPAD,1129,27,850,exact,taluka,ANAND,15,Anand,04,040,Napad Talpad,નાપાડ તળપદ
ANAND,ANAND,NAPAD VANTO,NAPADVANTO,1130,70,694,exact,taluka,ANAND,15,Anand,04,036,Napad Vanto,નાપાડ વાંટા
ANAND,ANAND,NAVLI,NAVLI,1131,49,1024,exact,taluka,ANAND,15,Anand,04,029,Navli,નાવલી
ANAND,ANAND,RAHTALAV,RAHTALAV,1132,15,347,exact,taluka,ANAND,15,Anand,04,002,Rahtalav,રાહતલાવ
ANAND,ANAND,RAJUPURA,RAJUPURA,1133,8,161,exact,taluka,ANAND,15,Anand,04,042,Rajupura,રાજુપુરા
ANAND,ANAND,RAMNAGAR,RAMNAGAR,1134,2,386,exact,taluka,ANAND,15,Anand,04,033,Ramnagar,રામનગર
ANAND,ANAND,RASNOL,RASNOL,1135,24,1529,exact,taluka,ANAND,15,Anand,04,010,Rasnol,રાસનોલ
ANAND,ANAND,SAMARKHA,SAMARKHA,1136,150,1818,exact,taluka,ANAND,15,Anand,04,006,Samarkha,સામરખા
ANAND,ANAND,SANDESAR,SANDESAR,1137,23,2016,exact,taluka,ANAND,15,Anand,04,027,Sandesar,સંદેસર
ANAND,ANAND,SARSA,SARSA,1138,22,2529,exact,taluka,ANAND,15,Anand,04,018,Sarsa,સારસા
ANAND,ANAND,SUNDAN,SUNDAN,1139,8,728,exact,taluka,ANAND,15,Anand,04,041,Sundan,સુંદણ
ANAND,ANAND,TARNOL,TARNOL,1140,40,924,exact,taluka,ANAND,15,Anand,04,007,Tarnol,ત્રણોલ
ANAND,ANAND,VADOD,VADOD,1141,27,1121,exact,taluka,ANAND,15,Anand,04,030,Vadod,વડોદ
ANAND,ANAND,VAGHASI,VAGHASI,1142,48,481,exact,taluka,ANAND,15,Anand,04,016,Vaghasi,વઘાસી
ANAND,ANAND,VAHERAKHADI,VAHERAKHADI,1143,38,784,exact,taluka,ANAND,15,Anand,04,021,Vaherakhadi,વેરાખાડી
ANAND,ANAND,VALASAN,VALASAN,1144,39,902,exact,taluka,ANAND,15,Anand,04,026,Valasan,વલાસણ
ANAND,ANAND,VANS KHILIYA,VANSKHILIYA,1145,45,184,exact,taluka,ANAND,15,Anand,04,037,Vans Khiliya,વાંસખેલીયા
ANAND,ANAND,VASAD,VASAD,1146,83,1024,exact,taluka,ANAND,15,Anand,04,043,Vasad,વાસદ
ANAND,ANKLAV,AMBALI,AMBALI,1147,55,481,exact,taluka,ANAND,15,Anklav,08,001,Ambali,અંબાલી
ANAND,ANKLAV,AMBAV,AMBAV,1148,13,695,exact,taluka,ANAND,15,Anklav,08,002,Ambav,અંબાવ
ANAND,ANKLAV,AMROL,AMROL,1149,40,639,exact,taluka,ANAND,15,Anklav,08,003,Amrol,આમરોલ
ANAND,ANKLAV,ASARMA,ASARMA,1150,50,1051,exact,taluka,ANAND,15,Anklav,08,005,Asarma,આસરમા
ANAND,ANKLAV,ASODAR,ASODAR,1151,62,1499,exact,taluka,ANAND,15,Anklav,08,006,Asodar,આસોદર
ANAND,ANKLAV,BAMANGAM,BAMANGAM,1152,75,1668,exact,taluka,ANAND,15,Anklav,08,007,Bamangam,બામણગામ
ANAND,ANKLAV,BHANPURA,BHANPURA,1153,16,160,exact,taluka,ANAND,15,Anklav,08,008,Bhanpura,ભાણપુરા
ANAND,ANKLAV,BHETASI (TALPAD),BHETASITALPAD,1154,36,1574,exact,taluka,ANAND,15,Anklav,08,009,Bhetasi (Talpad),ભેટાસી (તલપદ)
ANAND,ANKLAV,BHETASI BA BHAG,BHETASIBABHAG,1155,18,410,exact,taluka,ANAND,15,Anklav,08,010,Bhetasi Ba Bhag,ભેટાસી (બા.ભાગ)
ANAND,ANKLAV,BHETASI VANTO,BHETASIVANTO,1156,53,1213,exact,taluka,ANAND,15,Anklav,08,011,Bhetasi Vanto,ભેટાસી વાંટા
ANAND,ANKLAV,BILPAD,BILPAD,1157,40,544,exact,taluka,ANAND,15,Anklav,08,012,Bilpad,બીલપાડ
ANAND,ANKLAV,CHAMARA,CHAMARA,1158,25,859,exact,taluka,ANAND,15,Anklav,08,013,Chamara,ચમારા
ANAND,ANKLAV,DEVAPURA,DEVAPURA,1159,34,773,exact,taluka,ANAND,15,Anklav,08,014,Devapura,દેવાપુરા
ANAND,ANKLAV,GAMBHIRA,GAMBHIRA,1160,48,3803,exact,taluka,ANAND,15,Anklav,08,015,Gambhira,ગંભીરા
ANAND,ANKLAV,HALDARI,HALDARI,1161,27,240,exact,taluka,ANAND,15,Anklav,08,016,Haldari,હલદરી
ANAND,ANKLAV,HATHIPURA,HATHIPURA,1162,35,433,exact,taluka,ANAND,15,Anklav,08,017,Hathipura,હઠીપુરા
ANAND,ANKLAV,JHILOD,JHILOD,1163,20,278,exact,taluka,ANAND,15,Anklav,08,018,Jhilod,જીલોડ
ANAND,ANKLAV,JOSHIKUVA,JOSHIKUVA,1164,48,831,exact,taluka,ANAND,15,Anklav,08,019,Joshikuva,જોષીકુવા
ANAND,ANKLAV,KANTHARIYA,KANTHARIYA,1165,36,693,exact,taluka,ANAND,15,Anklav,08,020,Kanthariya,કંથારીયા
ANAND,ANKLAV,KANVADI,KANVADI,1166,42,387,exact,taluka,ANAND,15,Anklav,08,021,Kanvadi,કહાનવાડી
ANAND,ANKLAV,KHADOL (HALDARI),KHADOLHALDARI,1167,47,1246,exact,taluka,ANAND,15,Anklav,08,022,Khadol (Haldari),ખડોલ (હલદરી)
ANAND,ANKLAV,KHADOL (UMETA),KHADOLUMETA,1168,22,366,exact,taluka,ANAND,15,Anklav,08,023,Khadol (Umeta),ખડોલ (ઉમેટા)
ANAND,ANKLAV,KOSINDRA,KOSINDRA,1169,83,837,exact,taluka,ANAND,15,Anklav,08,024,Kosindra,કોસીન્દ્રા
ANAND,ANKLAV,LALPURA,LALPURA,1170,18,431,exact,taluka,ANAND,15,Anklav,08,025,Lalpura,લાલપુરા
ANAND,ANKLAV,MANPURA,MANPURA,1171,10,154,exact,taluka,ANAND,15,Anklav,08,026,Manpura,માનપુરા
ANAND,ANKLAV,MUJKUVA,MUJKUVA,1172,35,345,exact,taluka,ANAND,15,Anklav,08,027,Mujkuva,મુજકુવા
ANAND,ANKLAV,NARPURA,NARPURA,1173,17,297,exact,taluka,ANAND,15,Anklav,08,028,Narpura,નારપુરા
ANAND,ANKLAV,NAVAKHAL,NAVAKHAL,1174,51,560,exact,taluka,ANAND,15,Anklav,08,029,Navakhal,નવાખલ
ANAND,ANKLAV,NAVAPURA,NAVAPURA,1175,27,400,exact,taluka,ANAND,15,Anklav,08,030,Navapura,નવાપુરા
ANAND,ANKLAV,SANKHYAD,SANKHYAD,1176,48,612,exact,taluka,ANAND,15,Anklav,08,031,Sankhyad,સંખ્યાડ
ANAND,ANKLAV,UMETA,UMETA,1177,46,468,exact,taluka,ANAND,15,Anklav,08,032,Umeta,ઉમેટા
ANAND,BORSAD,ALARSA,ALARSA,1178,15,976,exact,taluka,ANAND,15,Borsad,07,036,Alarsa,અલારસા
ANAND,BORSAD,AMIYAD,AMIYAD,1179,18,576,exact,taluka,ANAND,15,Borsad,07,045,Amiyad,અમીયાદ
ANAND,BORSAD,BADALPUR,BADALPUR,1180,18,329,exact,taluka,ANAND,15,Borsad,07,060,Badalpur,બદલપુર
ANAND,BORSAD,BANEJDA,BANEJDA,1181,4,236,exact,taluka,ANAND,15,Borsad,07,043,Banejda,બનેજડા
ANAND,BORSAD,BHADRAN,BHADRAN,1182,25,2750,exact,taluka,ANAND,15,Borsad,07,035,Bhadran,ભાદરણ
ANAND,BORSAD,BHADRANIYA,BHADRANIYA,1183,19,1576,exact,taluka,ANAND,15,Borsad,07,034,Bhadraniya,ભાદરણીયા
ANAND,BORSAD,BOCHASAN,BOCHASAN,1184,51,2484,exact,taluka,ANAND,15,Borsad,07,015,Bochasan,બોચાસણ
ANAND,BORSAD,BODAL,BODAL,1185,44,1637,exact,taluka,ANAND,15,Borsad,07,018,Bodal,બોદાલ
ANAND,BORSAD,CHUVA,CHUVA,1186,10,636,exact,taluka,ANAND,15,Borsad,07,024,Chuva,ચુવા
ANAND,BORSAD,DABHASI,DABHASI,1187,23,562,exact,taluka,ANAND,15,Borsad,07,016,Dabhasi,ડભાસી
ANAND,BORSAD,DAHEMI,DAHEMI,1188,6,963,exact,taluka,ANAND,15,Borsad,07,009,Dahemi,દહેમી
ANAND,BORSAD,DALI,DALI,1189,14,328,exact,taluka,ANAND,15,Borsad,07,058,Dali,ડાલી
ANAND,BORSAD,DAVOL,DAVOL,1190,34,1165,exact,taluka,ANAND,15,Borsad,07,017,Davol,દાવોલ
ANAND,BORSAD,DEDARDA,DEDARDA,1191,53,1209,exact,taluka,ANAND,15,Borsad,07,013,Dedarda,દેદરડા
ANAND,BORSAD,DHANAVASI,DHANAVASI,1192,2,577,exact,taluka,ANAND,15,Borsad,07,050,Dhanavasi,ધનાવશી
ANAND,BORSAD,DHOBIKUI,DHOBIKUI,1193,15,268,exact,taluka,ANAND,15,Borsad,07,005,Dhobikui,ધોબીકુઈ
ANAND,BORSAD,DHUNDAKUVA,DHUNDAKUVA,1194,7,260,exact,taluka,ANAND,15,Borsad,07,003,Dhundakuva,ઢુંઢાકુવા
ANAND,BORSAD,DIVEL,DIVEL,1195,15,407,exact,taluka,ANAND,15,Borsad,07,046,Divel,દિવેલ
ANAND,BORSAD,GAJANA,GAJANA,1196,29,408,exact,taluka,ANAND,15,Borsad,07,064,Gajana,ગાજણાં
ANAND,BORSAD,GOLEL,GOLEL,1197,13,277,exact,taluka,ANAND,15,Borsad,07,026,Golel,ગોરેલ
ANAND,BORSAD,GORVA,GORVA,1198,10,320,exact,taluka,ANAND,15,Borsad,07,055,Gorva,ગોરવા
ANAND,BORSAD,HARKHAPURA,HARKHAPURA,1199,5,217,exact,taluka,ANAND,15,Borsad,07,019,Harkhapura,હરખાપુરા
ANAND,BORSAD,JANTRAL,JANTRAL,1200,5,551,exact,taluka,ANAND,15,Borsad,07,042,Jantral,જંત્રાલ
ANAND,BORSAD,KALU,KALU,1201,9,465,exact,taluka,ANAND,15,Borsad,07,059,Kalu,કાલુ
ANAND,BORSAD,KANBHA,KANBHA,1202,23,688,exact,taluka,ANAND,15,Borsad,07,057,Kanbha,કણભા
ANAND,BORSAD,KANDHROTI,KANDHROTI,1203,9,629,exact,taluka,ANAND,15,Borsad,07,044,Kandhroti,કાંધરોટી
ANAND,BORSAD,KANKAPURA,KANKAPURA,1204,29,1726,exact,taluka,ANAND,15,Borsad,07,061,Kankapura,કંકાપુરા
ANAND,BORSAD,KASARI,KASARI,1205,9,304,exact,taluka,ANAND,15,Borsad,07,022,Kasari,કસારી
ANAND,BORSAD,KASUMBAD,KASUMBAD,1206,5,307,exact,taluka,ANAND,15,Borsad,07,010,Kasumbad,કસુંબાડ
ANAND,BORSAD,KATHANA,KATHANA,1207,34,754,exact,taluka,ANAND,15,Borsad,07,056,Kathana,કઠાણા
ANAND,BORSAD,KATHOL,KATHOL,1208,7,584,exact,taluka,ANAND,15,Borsad,07,047,Kathol,કઠોલ
ANAND,BORSAD,KAVITHA,KAVITHA,1209,45,1927,exact,taluka,ANAND,15,Borsad,07,002,Kavitha,કાવીઠા
ANAND,BORSAD,KHANPUR,KHANPUR,1210,30,849,exact,taluka,ANAND,15,Borsad,07,029,Khanpur,ખાનપુર
ANAND,BORSAD,KHEDASA,KHEDASA,1211,22,561,exact,taluka,ANAND,15,Borsad,07,038,Khedasa,ખેડાસા
ANAND,BORSAD,KIHKHLOD,KIHKHLOD,1212,50,1100,exact,taluka,ANAND,15,Borsad,07,052,Kihkhlod,કિંખલોડ
ANAND,BORSAD,KOTHIYA KHAD,KOTHIYAKHAD,1213,17,361,exact,taluka,ANAND,15,Borsad,07,053,Kothiya khad,કોઠીયાખાડ
ANAND,BORSAD,MOTI SHERDI,MOTISHERDI,1214,11,377,exact,taluka,ANAND,15,Borsad,07,051,Moti Sherdi,મોટી શેરડી
ANAND,BORSAD,NAMAN,NAMAN,1215,12,574,exact,taluka,ANAND,15,Borsad,07,006,Naman,નામણ
ANAND,BORSAD,NANI SHERDI,NANISHERDI,1216,8,246,exact,taluka,ANAND,15,Borsad,07,054,Nani Sherdi,નાની શેરડી
ANAND,BORSAD,NAPA TALPAD,NAPATALPAD,1217,53,865,exact,taluka,ANAND,15,Borsad,07,008,Napa Talpad,નાપા તળપદ
ANAND,BORSAD,NAPA VANTO,NAPAVANTO,1218,19,745,exact,taluka,ANAND,15,Borsad,07,007,Napa Vanto,નાપા વાટાં
ANAND,BORSAD,NISARAYA,NISARAYA,1219,14,727,exact,taluka,ANAND,15,Borsad,07,020,Nisaraya,નીસરાયા
ANAND,BORSAD,PAMOL,PAMOL,1220,8,1322,exact,taluka,ANAND,15,Borsad,07,011,Pamol,પામોલ
ANAND,BORSAD,PIPLI,PIPLI,1221,19,482,exact,taluka,ANAND,15,Borsad,07,037,Pipli,પીપ઼ળી
ANAND,BORSAD,RANOLI,RANOLI,1222,10,556,exact,taluka,ANAND,15,Borsad,07,027,Ranoli,રણોલી
ANAND,BORSAD,RAS,RAS,1223,44,2370,exact,taluka,ANAND,15,Borsad,07,040,Ras,રાસ
ANAND,BORSAD,RUDEL,RUDEL,1224,43,1086,exact,taluka,ANAND,15,Borsad,07,023,Rudel,રુદેલ
ANAND,BORSAD,SAIJPUR,SAIJPUR,1225,15,1017,exact,taluka,ANAND,15,Borsad,07,030,Saijpur,સૈજપુર
ANAND,BORSAD,SALOL,SALOL,1226,31,1035,exact,taluka,ANAND,15,Borsad,07,063,Salol,સારોલ
ANAND,BORSAD,SANTOKPURA,SANTOKPURA,1227,14,231,exact,taluka,ANAND,15,Borsad,07,001,Santokpura,સંતોકપુરા
ANAND,BORSAD,SINGLAV,SINGLAV,1228,8,1056,exact,taluka,ANAND,15,Borsad,07,012,Singlav,સીંગલાવ
ANAND,BORSAD,SISVA,SISVA,1229,9,1829,exact,taluka,ANAND,15,Borsad,07,039,Sisva,સીસ્વા
ANAND,BORSAD,SUR KUVA,SURKUVA,1230,11,470,exact,taluka,ANAND,15,Borsad,07,004,Sur Kuva,સુરકુવા
ANAND,BORSAD,UMLAV,UMLAV,1231,15,374,exact,taluka,ANAND,15,Borsad,07,048,Umlav,ઉમલાવ
ANAND,BORSAD,UNELI,UNELI,1232,11,288,exact,taluka,ANAND,15,Borsad,07,025,Uneli,ઉનેલી
ANAND,BORSAD,VACHHIYEL,VACHHIYEL,1233,2,376,exact,taluka,ANAND,15,Borsad,07,033,Vachhiyel,વાછીયેલ
ANAND,BORSAD,VADELI,VADELI,1234,3,819,exact,taluka,ANAND,15,Borsad,07,032,Vadeli,વડેલી
ANAND,BORSAD,VAHERA,VAHERA,1235,26,1160,exact,taluka,ANAND,15,Borsad,07,014,Vahera,વહેરા
ANAND,BORSAD,VALVOD,VALVOD,1236,20,1378,exact,taluka,ANAND,15,Borsad,07,049,Valvod,વાલવોડ
ANAND,BORSAD,VASNA ( RAS),VASNARAS,1237,3,442,exact,taluka,ANAND,15,Borsad,07,041,Vasna ( Ras),વાસણા(રાસ)
ANAND,BORSAD,VASNA (BORSAD),VASNABORSAD,1238,43,1507,exact,taluka,ANAND,15,Borsad,07,021,Vasna (Borsad),વાસણા(બોરસદ)
ANAND,BORSAD,VIRSAD,VIRSAD,1239,23,1318,exact,taluka,ANAND,15,Borsad,07,028,Virsad,વિરસદ
ANAND,BORSAD,ZHAROLA,ZHAROLA,1240,17,2061,exact,taluka,ANAND,15,Borsad,07,031,Zharola,ઝારોલા
ANAND,KHAMBHAT,AKHOL,AKHOL,1241,32,1007,exact,taluka,ANAND,15,Khambhat,06,015,Akhol,આખોલ
ANAND,KHAMBHAT,BAMANVA,BAMANVA,1242,58,1135,exact,taluka,ANAND,15,Khambhat,06,039,Bamanva,બામણવા
ANAND,KHAMBHAT,BHAT TALAVADI,BHATTALAVADI,1243,6,173,exact,taluka,ANAND,15,Khambhat,06,018,Bhat Talavadi,ભાટ તલાવડી
ANAND,KHAMBHAT,BHIMTALAV,BHIMTALAV,1244,7,290,exact,taluka,ANAND,15,Khambhat,06,007,Bhimtalav,ભીમ તલાવ
ANAND,KHAMBHAT,BHUVEL,BHUVEL,1245,57,621,exact,taluka,ANAND,15,Khambhat,06,048,Bhuvel,ભુવેલ
ANAND,KHAMBHAT,CHHATARDI,CHHATARDI,1246,32,199,exact,taluka,ANAND,15,Khambhat,06,043,Chhatardi,છતરડી
ANAND,KHAMBHAT,DAHEDA,DAHEDA,1247,39,901,exact,taluka,ANAND,15,Khambhat,06,016,Daheda,દહેડા
ANAND,KHAMBHAT,Dhuvaran,DHUVARAN,1248,28,656,exact,taluka,ANAND,15,Khambhat,06,060,Dhuvaran,ધુવારણ
ANAND,KHAMBHAT,FINAV,FINAV,1249,9,1377,exact,taluka,ANAND,15,Khambhat,06,023,Finav,ફીણાવ
ANAND,KHAMBHAT,GOLANA,GOLANA,1250,205,3346,exact,taluka,ANAND,15,Khambhat,06,001,Golana,ગોલાણા
ANAND,KHAMBHAT,GUDEL,GUDEL,1251,27,827,exact,taluka,ANAND,15,Khambhat,06,008,Gudel,ગુડેલ
ANAND,KHAMBHAT,HARIPURA,HARIPURA,1252,53,700,exact,taluka,ANAND,15,Khambhat,06,059,Haripura,હરીપુરા
ANAND,KHAMBHAT,HARIYAN,HARIYAN,1253,14,750,exact,taluka,ANAND,15,Khambhat,06,020,Hariyan,હરીયાણ
ANAND,KHAMBHAT,HASANPURA,HASANPURA,1254,22,229,exact,taluka,ANAND,15,Khambhat,06,004,Hasanpura,હસનપુરા
ANAND,KHAMBHAT,JAHAJ,JAHAJ,1255,39,667,exact,taluka,ANAND,15,Khambhat,06,038,Jahaj,જહાજ
ANAND,KHAMBHAT,JALSAN,JALSAN,1256,22,1488,exact,taluka,ANAND,15,Khambhat,06,022,Jalsan,જલસણ
ANAND,KHAMBHAT,JALUNDH,JALUNDH,1257,49,2704,exact,taluka,ANAND,15,Khambhat,06,040,Jalundh,જલુંધ
ANAND,KHAMBHAT,JHALAPUR,JHALAPUR,1258,23,231,exact,taluka,ANAND,15,Khambhat,06,029,Jhalapur,ઝાલાપુર
ANAND,KHAMBHAT,JINAJ,JINAJ,1259,23,1247,exact,taluka,ANAND,15,Khambhat,06,006,Jinaj,જીણજ
ANAND,KHAMBHAT,KALAMSAR,KALAMSAR,1260,60,1266,exact,taluka,ANAND,15,Khambhat,06,051,Kalamsar,કલમસ઼ર
ANAND,KHAMBHAT,KALI TALAVADI,KALITALAVADI,1261,15,110,exact,taluka,ANAND,15,Khambhat,06,034,Kali Talavadi,કાળી તલાવડી
ANAND,KHAMBHAT,KANISA,KANISA,1262,26,1288,exact,taluka,ANAND,15,Khambhat,06,024,Kanisa,કાણીસા
ANAND,KHAMBHAT,KANSARI,KANSARI,1263,46,1497,exact,taluka,ANAND,15,Khambhat,06,045,Kansari,કંસારી
ANAND,KHAMBHAT,KANZAT,KANZAT,1264,20,621,exact,taluka,ANAND,15,Khambhat,06,021,Kanzat,કણઝટ
ANAND,KHAMBHAT,KHADODHI,KHADODHI,1265,48,781,exact,taluka,ANAND,15,Khambhat,06,058,Khadodhi,ખડોધી
ANAND,KHAMBHAT,KHATNAL,KHATNAL,1266,17,494,exact,taluka,ANAND,15,Khambhat,06,049,Khatnal,ખટનાલ
ANAND,KHAMBHAT,KODVA,KODVA,1267,12,207,exact,taluka,ANAND,15,Khambhat,06,026,Kodva,કોડવા
ANAND,KHAMBHAT,LUNEJ,LUNEJ,1268,43,395,exact,taluka,ANAND,15,Khambhat,06,031,Lunej,લુણેજ
ANAND,KHAMBHAT,MALASONI,MALASONI,1269,25,249,exact,taluka,ANAND,15,Khambhat,06,017,Malasoni,માલાસોની
ANAND,KHAMBHAT,MALU,MALU,1270,11,441,exact,taluka,ANAND,15,Khambhat,06,019,Malu,માલુ
ANAND,KHAMBHAT,METPUR,METPUR,1271,25,238,exact,taluka,ANAND,15,Khambhat,06,056,Metpur,મેતપુર
ANAND,KHAMBHAT,MITLI,MITLI,1272,118,1434,exact,taluka,ANAND,15,Khambhat,06,002,Mitli,મીતલી
ANAND,KHAMBHAT,MOTIPURA,MOTIPURA,1273,31,380,exact,taluka,ANAND,15,Khambhat,06,027,Motipura,મોતીપુરા
ANAND,KHAMBHAT,NAGRA,NAGRA,1274,72,1614,exact,taluka,ANAND,15,Khambhat,06,033,Nagra,નગરા
ANAND,KHAMBHAT,NANA KALODRA,NANAKALODRA,1275,27,263,exact,taluka,ANAND,15,Khambhat,06,046,Nana Kalodra,નાના કલોદરા
ANAND,KHAMBHAT,NANDELI,NANDELI,1276,7,224,exact,taluka,ANAND,15,Khambhat,06,037,Nandeli,નંદેલી
ANAND,KHAMBHAT,NAVAGAM BARA,NAVAGAMBARA,1277,30,251,exact,taluka,ANAND,15,Khambhat,06,014,Navagam Bara,નવાગામ બારા
ANAND,KHAMBHAT,NAVAGAM VANTA,NAVAGAMVANTA,1278,8,230,exact,taluka,ANAND,15,Khambhat,06,028,Navagam Vanta,નવાગામ વાંટા
ANAND,KHAMBHAT,NEJA,NEJA,1279,66,611,exact,taluka,ANAND,15,Khambhat,06,044,Neja,નેજા
ANAND,KHAMBHAT,PALDI,PALDI,1280,26,146,exact,taluka,ANAND,15,Khambhat,06,030,Paldi,પાલડી
ANAND,KHAMBHAT,PANDAD,PANDAD,1281,57,1437,exact,taluka,ANAND,15,Khambhat,06,010,Pandad,પાંદડ
ANAND,KHAMBHAT,PIPLOI,PIPLOI,1282,19,2531,exact,taluka,ANAND,15,Khambhat,06,036,Piploi,પીપળોઈ
ANAND,KHAMBHAT,POPAT VAV,POPATVAV,1283,13,177,exact,taluka,ANAND,15,Khambhat,06,042,Popat Vav,પોપટ વાવ
ANAND,KHAMBHAT,RAJPUR,RAJPUR,1284,10,102,exact,taluka,ANAND,15,Khambhat,06,057,Rajpur,રાજપુર
ANAND,KHAMBHAT,RALAJ,RALAJ,1285,56,915,exact,taluka,ANAND,15,Khambhat,06,053,Ralaj,રાલજ
ANAND,KHAMBHAT,RANGPUR,RANGPUR,1286,31,452,exact,taluka,ANAND,15,Khambhat,06,005,Rangpur,રંગપુર
ANAND,KHAMBHAT,ROHNI,ROHNI,1287,106,933,exact,taluka,ANAND,15,Khambhat,06,003,Rohni,રોહણી
ANAND,KHAMBHAT,SAYAMA,SAYAMA,1288,23,1167,exact,taluka,ANAND,15,Khambhat,06,025,Sayama,સાયમા
ANAND,KHAMBHAT,SHAKARPUR,SHAKARPUR,1289,31,3100,exact,taluka,ANAND,15,Khambhat,06,055,Shakarpur,શક્કરપુર
ANAND,KHAMBHAT,SOKHADA,SOKHADA,1290,36,318,exact,taluka,ANAND,15,Khambhat,06,032,Sokhada,સોખડા
ANAND,KHAMBHAT,TAMSA,TAMSA,1291,31,486,exact,taluka,ANAND,15,Khambhat,06,009,Tamsa,તામસા
ANAND,KHAMBHAT,TARAKPUR,TARAKPUR,1292,20,380,exact,taluka,ANAND,15,Khambhat,06,011,Tarakpur,તરકપુર
ANAND,KHAMBHAT,TIMBA,TIMBA,1293,32,685,exact,taluka,ANAND,15,Khambhat,06,035,Timba,ટીંબા
ANAND,KHAMBHAT,UNDEL,UNDEL,1294,107,2076,exact,taluka,ANAND,15,Khambhat,06,047,Undel,ઉંદેલ
ANAND,KHAMBHAT,VADGAM,VADGAM,1295,71,1695,exact,taluka,ANAND,15,Khambhat,06,012,Vadgam,વડગામ
ANAND,KHAMBHAT,VADOLA,VADOLA,1296,22,269,exact,taluka,ANAND,15,Khambhat,06,041,Vadola,વાડોલા
ANAND,KHAMBHAT,VAINAJ,VAINAJ,1297,18,639,exact,taluka,ANAND,15,Khambhat,06,013,Vainaj,વૈણજ
ANAND,KHAMBHAT,VASNA,VASNA,1298,21,378,exact,taluka,ANAND,15,Khambhat,06,054,Vasna,વાસણા
ANAND,KHAMBHAT,VATADRA,VATADRA,1299,65,1330,exact,taluka,ANAND,15,Khambhat,06,050,Vatadra,વટાદરા
ANAND,KHAMBHAT,VATRA,VATRA,1300,26,399,exact,taluka,ANAND,15,Khambhat,06,052,Vatra,વત્રા
ANAND,PETLAD,AGAS,AGAS,1301,9,1223,exact,taluka,ANAND,15,Petlad,05,001,Agas,અગાસ
ANAND,PETLAD,AMOD,AMOD,1302,75,1795,exact,taluka,ANAND,15,Petlad,05,002,Amod,આમોદ
ANAND,PETLAD,ARDI,ARDI,1303,21,1089,exact,taluka,ANAND,15,Petlad,05,003,Ardi,અરડી
ANAND,PETLAD,ASHI,ASHI,1304,21,2284,exact,taluka,ANAND,15,Petlad,05,004,Ashi,આશી
ANAND,PETLAD,BAMROLI,BAMROLI,1305,11,1084,exact,taluka,ANAND,15,Petlad,05,005,Bamroli,બામરોલી
ANAND,PETLAD,BANDHNI,BANDHNI,1306,44,2566,exact,taluka,ANAND,15,Petlad,05,056,bandhni,બાંધણી
ANAND,PETLAD,BHALEL,BHALEL,1307,27,685,exact,taluka,ANAND,15,Petlad,05,006,Bhalel,ભારેલ
ANAND,PETLAD,BHATIEL,BHATIEL,1308,23,490,exact,taluka,ANAND,15,Petlad,05,007,Bhatiel,ભાટીયેલ
ANAND,PETLAD,BHAVANIPURA,BHAVANIPURA,1309,21,485,exact,taluka,ANAND,15,Petlad,05,008,Bhavanipura,ભવાનીપુરા
ANAND,PETLAD,BHURAKUI,BHURAKUI,1310,26,736,exact,taluka,ANAND,15,Petlad,05,009,Bhurakui,ભુરાકુઇ
ANAND,PETLAD,BORIYA,BORIYA,1311,22,1030,exact,taluka,ANAND,15,Petlad,05,010,Boriya,બોરીયા
ANAND,PETLAD,CHANGA,CHANGA,1312,78,2919,exact,taluka,ANAND,15,Petlad,05,011,Changa,ચાંગા
ANAND,PETLAD,DANTALI,DANTALI,1313,24,993,exact,taluka,ANAND,15,Petlad,05,012,Dantali,દંતાલી
ANAND,PETLAD,DANTELI,DANTELI,1314,9,706,exact,taluka,ANAND,15,Petlad,05,013,Danteli,દંતેલી
ANAND,PETLAD,DAVALPURA,DAVALPURA,1315,20,301,exact,taluka,ANAND,15,Petlad,05,014,Davalpura,દાવલપુરા
ANAND,PETLAD,DEMOL,DEMOL,1316,48,1030,exact,taluka,ANAND,15,Petlad,05,015,Demol,ડેમોલ
ANAND,PETLAD,DHAIRYAPURA,DHAIRYAPURA,1317,39,435,exact,taluka,ANAND,15,Petlad,05,016,Dhairyapura,ધૈર્યપુરા
ANAND,PETLAD,DHARMAJ,DHARMAJ,1318,39,2891,exact,taluka,ANAND,15,Petlad,05,017,Dharmaj,ધર્મજ
ANAND,PETLAD,FANGANI,FANGANI,1319,24,662,exact,taluka,ANAND,15,Petlad,05,018,Fangani,ફાગણી
ANAND,PETLAD,GHUNTELI,GHUNTELI,1320,12,1115,exact,taluka,ANAND,15,Petlad,05,019,Ghunteli,ઘુંટેલી
ANAND,PETLAD,ISARAMA,ISARAMA,1321,26,343,exact,taluka,ANAND,15,Petlad,05,020,Isarama,ઇશરામા
ANAND,PETLAD,JESARVA,JESARVA,1322,32,417,exact,taluka,ANAND,15,Petlad,05,021,Jesarva,જેસરવા
ANAND,PETLAD,JOGAN,JOGAN,1323,29,346,exact,taluka,ANAND,15,Petlad,05,022,Jogan,જોગણ
ANAND,PETLAD,KANIYA,KANIYA,1324,47,916,exact,taluka,ANAND,15,Petlad,05,023,Kaniya,કણીયા
ANAND,PETLAD,KHADANA,KHADANA,1325,31,1660,exact,taluka,ANAND,15,Petlad,05,024,Khadana,ખડાણા
ANAND,PETLAD,LAKKADPURA,LAKKADPURA,1326,6,227,exact,taluka,ANAND,15,Petlad,05,025,Lakkadpura,લકકડપુરા
ANAND,PETLAD,MAHELAV,MAHELAV,1327,30,3389,exact,taluka,ANAND,15,Petlad,05,026,Mahelav,મહેળાવ
ANAND,PETLAD,MANEJ,MANEJ,1328,43,1471,exact,taluka,ANAND,15,Petlad,05,027,Manej,માણેજ
ANAND,PETLAD,MANPURA,MANPURA,1329,15,604,exact,taluka,ANAND,15,Petlad,05,028,Manpura,માનપુરા
ANAND,PETLAD,MORAD,MORAD,1330,49,856,exact,taluka,ANAND,15,Petlad,05,029,Morad,મોરડ
ANAND,PETLAD,NAR,NAR,1331,173,10014,exact,taluka,ANAND,15,Petlad,05,030,Nar,નાર
ANAND,PETLAD,PADGOL,PADGOL,1332,45,1203,exact,taluka,ANAND,15,Petlad,05,031,Padgol,પાડગોલ
ANAND,PETLAD,PALAJ,PALAJ,1333,26,5372,exact,taluka,ANAND,15,Petlad,05,032,Palaj,પાળજ
ANAND,PETLAD,PANDOLI,PANDOLI,1334,71,7818,exact,taluka,ANAND,15,Petlad,05,033,Pandoli,પંડોળી
ANAND,PETLAD,PORDA,PORDA,1335,49,1012,exact,taluka,ANAND,15,Petlad,05,034,Porda,પોરડા
ANAND,PETLAD,RAMODADI,RAMODADI,1336,6,267,exact,taluka,ANAND,15,Petlad,05,035,Ramodadi,રામોદડી
ANAND,PETLAD,RAMOL,RAMOL,1337,45,1273,none,,,,,,,,
ANAND,PETLAD,RANGAIPURA,RANGAIPURA,1338,29,524,exact,taluka,ANAND,15,Petlad,05,037,Rangaipura,રંગાઈપુરા
ANAND,PETLAD,RAVIPURA,RAVIPURA,1339,13,314,exact,taluka,ANAND,15,Petlad,05,038,Ravipura,રવીપુરા
ANAND,PETLAD,RAVLI,RAVLI,1340,28,2256,exact,taluka,ANAND,15,Petlad,05,039,Ravli,રાવલી
ANAND,PETLAD,RUPIYAPURA,RUPIYAPURA,1341,12,423,exact,taluka,ANAND,15,Petlad,05,040,Rupiyapura,રુપીયાપુરા
ANAND,PETLAD,SANJAYA,SANJAYA,1342,28,763,exact,taluka,ANAND,15,Petlad,05,041,Sanjaya,સંજાયા
ANAND,PETLAD,SANSEJ,SANSEJ,1343,6,527,exact,taluka,ANAND,15,Petlad,05,042,Sansej,સાંસેજ
ANAND,PETLAD,SHAHPUR,SHAHPUR,1344,14,510,exact,taluka,ANAND,15,Petlad,05,043,Shahpur,શાહપુર
ANAND,PETLAD,SHEKHADI,SHEKHADI,1345,12,214,exact,taluka,ANAND,15,Petlad,05,044,Shekhadi,શેખડી
ANAND,PETLAD,SIHOL,SIHOL,1346,37,1431,exact,taluka,ANAND,15,Petlad,05,045,Sihol,સિહોલ
ANAND,PETLAD,SILVAI,SILVAI,1347,44,1168,exact,taluka,ANAND,15,Petlad,05,046,Silvai,સીલવાઈ
ANAND,PETLAD,SIMARADA,SIMARADA,1348,4,1737,exact,taluka,ANAND,15,Petlad,05,047,Simarada,સીમરડા
ANAND,PETLAD,SUNAV,SUNAV,1349,46,998,exact,taluka,ANAND,15,Petlad,05,048,Sunav,સુણાવ
ANAND,PETLAD,SUNDARA,SUNDARA,1350,40,545,exact,taluka,ANAND,15,Petlad,05,049,Sundara,સુંદરા
ANAND,PETLAD,SUNDARANA,SUNDARANA,1351,23,1113,exact,taluka,ANAND,15,Petlad,05,050,Sundarana,સુંદરણા
ANAND,PETLAD,VADADALA,VADADALA,1352,30,983,exact,taluka,ANAND,15,Petlad,05,051,Vadadala,વડદલા
ANAND,PETLAD,VATAV,VATAV,1353,35,432,exact,taluka,ANAND,15,Petlad,05,052,Vatav,વટાવ
ANAND,PETLAD,VIROL(SIMARADA),VIROLSIMARADA,1354,24,5516,exact,taluka,ANAND,15,Petlad,05,053,Virol(Simarada),વિરોલ (સીમરડા)
ANAND,PETLAD,VISHNOLI,VISHNOLI,1355,39,837,exact,taluka,ANAND,15,Petlad,05,054,Vishnoli,વિશ્નોલી
ANAND,PETLAD,VISHRAMPURA,VISHRAMPURA,1356,25,363,exact,taluka,ANAND,15,Petlad,05,055,Vishrampura,વિશ્રામપુરા
ANAND,SOJITRA,BALINTA,BALINTA,1357,36,2359,exact,taluka,ANAND,15,Sojitra,02,016,Balinta,બાલીન્ટા
ANAND,SOJITRA,BANTWA,BANTWA,1358,9,615,exact,taluka,ANAND,15,Sojitra,02,001,Bantwa,બાંટવા
ANAND,SOJITRA,BHADKAD,BHADKAD,1359,9,1762,exact,taluka,ANAND,15,Sojitra,02,002,Bhadkad,ભડકદ
ANAND,SOJITRA,DABHOU(VIRSADPURA),DABHOUVIRSADPURA,1360,35,4569,exact,taluka,ANAND,15,Sojitra,02,007,Dabhou,ડભોઉ
ANAND,SOJITRA,DALI,DALI,1361,31,334,exact,taluka,ANAND,15,Sojitra,02,014,Dali,ડાલી
ANAND,SOJITRA,DEVA TALPAD,DEVATALPAD,1362,14,1534,exact,taluka,ANAND,15,Sojitra,02,003,Deva Talpad,દેવા તળપદ
ANAND,SOJITRA,DEVA VANTA,DEVAVANTA,1363,11,507,none,,,,,,,,
ANAND,SOJITRA,DEVATAJ,DEVATAJ,1364,38,501,exact,taluka,ANAND,15,Sojitra,02,015,Devataj,દેવાતજ
ANAND,SOJITRA,GADA,GADA,1365,35,1059,exact,taluka,ANAND,15,Sojitra,02,017,Gada,ગાડા
ANAND,SOJITRA,INSAV,INSAV,1366,29,1268,exact,taluka,ANAND,15,Sojitra,02,013,Insav,ઇસણાવ
ANAND,SOJITRA,KASOR,KASOR,1367,49,2534,exact,taluka,ANAND,15,Sojitra,02,012,Kasor,કાસોર
ANAND,SOJITRA,KHANSOL,KHANSOL,1368,16,404,exact,taluka,ANAND,15,Sojitra,02,021,Khansol,ખણસોલ
ANAND,SOJITRA,KOTHAVI,KOTHAVI,1369,12,341,exact,taluka,ANAND,15,Sojitra,02,020,Kothavi,કોઠાવી
ANAND,SOJITRA,LIMBALI,LIMBALI,1370,32,537,exact,taluka,ANAND,15,Sojitra,02,010,Limbali,લીંબાલી
ANAND,SOJITRA,MAGHAROL,MAGHAROL,1371,51,1434,exact,taluka,ANAND,15,Sojitra,02,008,Magharol,મઘરોલ
ANAND,SOJITRA,MALTAJ,MALTAJ,1372,16,2522,exact,taluka,ANAND,15,Sojitra,02,006,Maltaj,મલાતજ
ANAND,SOJITRA,MEGHALPUR,MEGHALPUR,1373,30,494,exact,taluka,ANAND,15,Sojitra,02,009,Meghalpur,મેઘલપુર
ANAND,SOJITRA,PALOL,PALOL,1374,40,2545,exact,taluka,ANAND,15,Sojitra,02,018,Palol,પલોલ
ANAND,SOJITRA,PETLI,PETLI,1375,10,2517,none,,,,,,,,
ANAND,SOJITRA,PIPLAV,PIPLAV,1376,55,2242,exact,taluka,ANAND,15,Sojitra,02,023,Piplav,પીપળાવ
ANAND,SOJITRA,RUN,RUN,1377,7,374,none,,,,,,,,
ANAND,SOJITRA,RUNAJ,RUNAJ,1378,15,940,exact,taluka,ANAND,15,Sojitra,02,019,Runaj,રુણજ
ANAND,SOJITRA,TRAMBOVAD,TRAMBOVAD,1379,38,604,exact,taluka,ANAND,15,Sojitra,02,011,Trambovad,ત્રંબોવાડ
ANAND,SOJITRA,VIROL (SOJITRA),VIROLSOJITRA,1380,16,1240,exact,taluka,ANAND,15,Sojitra,02,022,Virol (Sojitra),વિરોલ (સોજીત્રા)
ANAND,TARAPUR,ADRUJ,ADRUJ,1381,13,187,exact,taluka,ANAND,15,Tarapur,01,029,Adruj,આદરુજ
ANAND,TARAPUR,AMALIYARA,AMALIYARA,1382,11,579,exact,taluka,ANAND,15,Tarapur,01,031,Amaliyara,આમલીયારા
ANAND,TARAPUR,BHANDERAJ,BHANDERAJ,1383,30,485,exact,taluka,ANAND,15,Tarapur,01,041,Bhanderaj,ભંડેરજ
ANAND,TARAPUR,BUDHEJ,BUDHEJ,1384,17,751,exact,taluka,ANAND,15,Tarapur,01,036,Budhej,બુધેજ
ANAND,TARAPUR,CHANGADA,CHANGADA,1385,50,785,exact,taluka,ANAND,15,Tarapur,01,014,Changada,ચાંગડા
ANAND,TARAPUR,CHIKHALIYA,CHIKHALIYA,1386,17,169,exact,taluka,ANAND,15,Tarapur,01,024,Chikhaliya,ચીખલીયા
ANAND,TARAPUR,CHITARWADA,CHITARWADA,1387,21,219,exact,taluka,ANAND,15,Tarapur,01,008,Chitarwada,ચીતરવાડા
ANAND,TARAPUR,DUGARI,DUGARI,1388,45,366,exact,taluka,ANAND,15,Tarapur,01,009,Dugari,દુગારી
ANAND,TARAPUR,FATEPURA,FATEPURA,1389,33,359,exact,taluka,ANAND,15,Tarapur,01,011,Fatepura,ફતેપુરા
ANAND,TARAPUR,GALIYANA,GALIYANA,1390,82,545,exact,taluka,ANAND,15,Tarapur,01,012,Galiyana,ગલીયાણા
ANAND,TARAPUR,GORAD,GORAD,1391,26,411,exact,taluka,ANAND,15,Tarapur,01,032,Gorad,ગોરાડ
ANAND,TARAPUR,INDRANAJ,INDRANAJ,1392,64,862,exact,taluka,ANAND,15,Tarapur,01,016,Indranaj,ઈન્દ્રાણજ
ANAND,TARAPUR,ISANPUR,ISANPUR,1393,21,226,exact,taluka,ANAND,15,Tarapur,01,020,Isanpur,ઈસનપુર
ANAND,TARAPUR,ISARWADA,ISARWADA,1394,72,938,exact,taluka,ANAND,15,Tarapur,01,027,Isarwada,ઈસરવાડા
ANAND,TARAPUR,JAFARGANJ,JAFARGANJ,1395,9,229,exact,taluka,ANAND,15,Tarapur,01,006,Jafarganj,જાફરગંજ
ANAND,TARAPUR,JAFRABAD,JAFRABAD,1396,12,284,exact,taluka,ANAND,15,Tarapur,01,035,Jafrabad,જાફરાબાદ
ANAND,TARAPUR,JALLA,JALLA,1397,24,837,exact,taluka,ANAND,15,Tarapur,01,040,Jalla,જલ્લા
ANAND,TARAPUR,JICHKA,JICHKA,1398,29,310,exact,taluka,ANAND,15,Tarapur,01,023,Jichka,જીચકા
ANAND,TARAPUR,KANAVADA,KANAVADA,1399,44,993,exact,taluka,ANAND,15,Tarapur,01,007,Kanavada,કાનાવાડા
ANAND,TARAPUR,KASBARA,KASBARA,1400,73,636,exact,taluka,ANAND,15,Tarapur,01,013,Kasbara,કસબારા
ANAND,TARAPUR,KHADA,KHADA,1401,36,690,exact,taluka,ANAND,15,Tarapur,01,003,Khada,ખડા
ANAND,TARAPUR,KHAKHSAR,KHAKHSAR,1402,43,936,exact,taluka,ANAND,15,Tarapur,01,034,Khakhsar,ખાખસર
ANAND,TARAPUR,KHANPUR,KHANPUR,1403,17,440,exact,taluka,ANAND,15,Tarapur,01,022,Khanpur,ખાનપુર
ANAND,TARAPUR,MAHIYARI,MAHIYARI,1404,64,943,exact,taluka,ANAND,15,Tarapur,01,025,Mahiyari,મહીયારી
ANAND,TARAPUR,MALPUR,MALPUR,1405,25,262,exact,taluka,ANAND,15,Tarapur,01,030,Malpur,માલપુર
ANAND,TARAPUR,MIL RAMPURA,MILRAMPURA,1406,22,620,exact,taluka,ANAND,15,Tarapur,01,004,Mil Rampura,મીલ રામપુરા
ANAND,TARAPUR,MOBHA,MOBHA,1407,40,1238,exact,taluka,ANAND,15,Tarapur,01,039,Mobha,મોભા
ANAND,TARAPUR,MORAJ,MORAJ,1408,81,1178,exact,taluka,ANAND,15,Tarapur,01,028,Moraj,મોરજ
ANAND,TARAPUR,MOTA KALODRA,MOTAKALODRA,1409,17,1062,exact,taluka,ANAND,15,Tarapur,01,005,Mota Kalodra,મોટા કલોદરા
ANAND,TARAPUR,NABHOI,NABHOI,1410,28,331,exact,taluka,ANAND,15,Tarapur,01,002,Nabhoi,નભોઈ
ANAND,TARAPUR,PACHEGAM,PACHEGAM,1411,37,1166,exact,taluka,ANAND,15,Tarapur,01,010,Pachegam,પચેગામ
ANAND,TARAPUR,PADRA,PADRA,1412,45,791,exact,taluka,ANAND,15,Tarapur,01,033,Padra,પાદરા
ANAND,TARAPUR,REL,REL,1413,18,634,exact,taluka,ANAND,15,Tarapur,01,021,Rel,રેલ
ANAND,TARAPUR,RINZA,RINZA,1414,45,300,exact,taluka,ANAND,15,Tarapur,01,001,Rinza,રીંઝા
ANAND,TARAPUR,SATH,SATH,1415,43,529,exact,taluka,ANAND,15,Tarapur,01,037,Sath,સાઠ
ANAND,TARAPUR,TARAPUR,TARAPUR,1416,196,3247,exact,taluka,ANAND,15,Tarapur,01,042,Tarapur,તારાપુર
ANAND,TARAPUR,TOL,TOL,1417,7,222,exact,taluka,ANAND,15,Tarapur,01,026,Tol,ટોલ
ANAND,TARAPUR,UNTWADA,UNTWADA,1418,38,882,exact,taluka,ANAND,15,Tarapur,01,038,Untwada,ઉંટવાડા
ANAND,TARAPUR,VALANDAPURA,VALANDAPURA,1419,44,492,exact,taluka,ANAND,15,Tarapur,01,018,Valandapura,વાળંદાપુરા
ANAND,TARAPUR,VALLI,VALLI,1420,50,705,exact,taluka,ANAND,15,Tarapur,01,019,Valli,વલ્લી
ANAND,TARAPUR,VANK TALAV,VANKTALAV,1421,6,151,exact,taluka,ANAND,15,Tarapur,01,015,Vank Talav,વાંક તળાવ
ANAND,TARAPUR,VARSADA,VARSADA,1422,119,1101,exact,taluka,ANAND,15,Tarapur,01,017,Varsada,વરસડા
ANAND,UMRETH,AHIMA,AHIMA,1423,17,275,exact,taluka,ANAND,15,Umreth,03,031,Ahima,અહીમા
ANAND,UMRETH,ARDI,ARDI,1424,21,740,exact,taluka,ANAND,15,Umreth,03,001,Ardi,અરડી
ANAND,UMRETH,ASHIPURA,ASHIPURA,1425,3,802,exact,taluka,ANAND,15,Umreth,03,014,Ashipura,આશીપુરા
ANAND,UMRETH,BADAPURA,BADAPURA,1426,4,144,exact,taluka,ANAND,15,Umreth,03,020,Badapura,બડાપુરા
ANAND,UMRETH,BECHARI,BECHARI,1427,5,511,exact,taluka,ANAND,15,Umreth,03,016,Bechari,બેચરી
ANAND,UMRETH,BHALEJ,BHALEJ,1428,45,2301,exact,taluka,ANAND,15,Umreth,03,027,Bhalej,ભાલેજ
ANAND,UMRETH,BHARODA,BHARODA,1429,9,711,exact,taluka,ANAND,15,Umreth,03,029,Bharoda,ભરોડા
ANAND,UMRETH,BHATPURA,BHATPURA,1430,6,117,exact,taluka,ANAND,15,Umreth,03,004,Bhatpura,ભાટપુરા
ANAND,UMRETH,DAGJIPURA,DAGJIPURA,1431,2,586,exact,taluka,ANAND,15,Umreth,03,022,Dagjipura,દાગજીપુરા
ANAND,UMRETH,DHOLI,DHOLI,1432,12,106,exact,taluka,ANAND,15,Umreth,03,036,Dholi,ધોળી
ANAND,UMRETH,DHULETA,DHULETA,1433,14,324,exact,taluka,ANAND,15,Umreth,03,018,Dhuleta,ઘુલેટા
ANAND,UMRETH,FATEPURA,FATEPURA,1434,4,130,exact,taluka,ANAND,15,Umreth,03,025,Fatepura,ફતેપુરા
ANAND,UMRETH,GANGAPURA,GANGAPURA,1435,3,152,exact,taluka,ANAND,15,Umreth,03,023,Gangapura,ગંગાપુરા
ANAND,UMRETH,GHORA,GHORA,1436,29,2026,exact,taluka,ANAND,15,Umreth,03,002,Ghora,ઘોરા
ANAND,UMRETH,HAMIDPURA,HAMIDPURA,1437,40,256,exact,taluka,ANAND,15,Umreth,03,015,Hamidpura,હમીદપુરા
ANAND,UMRETH,JAKHALA,JAKHALA,1438,8,372,exact,taluka,ANAND,15,Umreth,03,024,Jakhala,જાખલાં
ANAND,UMRETH,KHANKHANPUR,KHANKHANPUR,1439,12,102,exact,taluka,ANAND,15,Umreth,03,017,Khankhanpur,ખાંખણપુર
ANAND,UMRETH,KHANKUVA,KHANKUVA,1440,51,572,exact,taluka,ANAND,15,Umreth,03,028,Khankuva,ખાનકુવા
ANAND,UMRETH,KHORWAD,KHORWAD,1441,4,308,exact,taluka,ANAND,15,Umreth,03,034,Khorwad,ખોરવાડ
ANAND,UMRETH,LINGDA,LINGDA,1442,22,701,exact,taluka,ANAND,15,Umreth,03,007,Lingda,લીંગડા
ANAND,UMRETH,MEGHVA BADAPURA,MEGHVABADAPURA,1443,20,253,exact,taluka,ANAND,15,Umreth,03,013,Meghva Badapura,મેઘવા બડાપુરા
ANAND,UMRETH,NAVAPURA,NAVAPURA,1444,3,42,exact,taluka,ANAND,15,Umreth,03,005,Navapura,નવાપુરા
ANAND,UMRETH,PANSORA,PANSORA,1445,53,1861,exact,taluka,ANAND,15,Umreth,03,008,Pansora,પણસોરા
ANAND,UMRETH,PARVATA,PARVATA,1446,14,399,exact,taluka,ANAND,15,Umreth,03,006,Parvata,પરવટા
ANAND,UMRETH,PRATAPPURA,PRATAPPURA,1447,7,114,exact,taluka,ANAND,15,Umreth,03,035,Pratappura,પ્રતાપપુરા
ANAND,UMRETH,RATANPURA,RATANPURA,1448,6,488,exact,taluka,ANAND,15,Umreth,03,021,Ratanpura,રતનપુરા
ANAND,UMRETH,SAIYADPURA,SAIYADPURA,1449,11,279,exact,taluka,ANAND,15,Umreth,03,012,Saiyadpura,સૈયદપુરા
ANAND,UMRETH,SARDARPURA,SARDARPURA,1450,16,316,exact,taluka,ANAND,15,Umreth,03,032,Sardarpura,સરદારપુરા
ANAND,UMRETH,SHILI,SHILI,1451,19,2401,exact,taluka,ANAND,15,Umreth,03,033,Shili,શીલી
ANAND,UMRETH,SUNDALPURA,SUNDALPURA,1452,55,1224,exact,taluka,ANAND,15,Umreth,03,030,Sundalpura,સુંદલપુરા
ANAND,UMRETH,SURELI,SURELI,1453,11,671,exact,taluka,ANAND,15,Umreth,03,019,Sureli,સુરેલી
ANAND,UMRETH,TARPURA,TARPURA,1454,7,96,exact,taluka,ANAND,15,Umreth,03,026,Tarpura,તારપુરા
ANAND,UMRETH,THAMNA,THAMNA,1455,60,1413,exact,taluka,ANAND,15,Umreth,03,003,Thamna,થામણા
ANAND,UMRETH,UNTKHARI,UNTKHARI,1456,13,643,exact,taluka,ANAND,15,Umreth,03,009,Untkhari,ઉટખરી
ANAND,UMRETH,VANSOL,VANSOL,1457,31,3457,exact,taluka,ANAND,15,Umreth,03,011,Vansol,વણસોલ
ANAND,UMRETH,ZALA BORDI,ZALABORDI,1458,8,589,exact,taluka,ANAND,15,Umreth,03,010,Zala Bordi,ઝાલા બોરડી
KHEDA,BALASINOR,ALELA,ALELA,8059,22,216,exact,taluka,MAHISAGAR,32,Balasinor,05,054,Alela,આલેલા
KHEDA,BALASINOR,BALIYADEV,BALIYADEV,8060,5,110,exact,taluka,MAHISAGAR,32,Balasinor,05,089,Baliyadev,બળિયાદેવ
KHEDA,BALASINOR,BHANTHALA,BHANTHALA,8061,67,546,exact,taluka,MAHISAGAR,32,Balasinor,05,068,Bhanthala,ભાંથલા
KHEDA,BALASINOR,BODELI,BODELI,8062,9,874,exact,taluka,MAHISAGAR,32,Balasinor,05,090,Bodeli,બોડેલી
KHEDA,BALASINOR,DAKHARIYA,DAKHARIYA,8063,13,188,exact,taluka,MAHISAGAR,32,Balasinor,05,083,Dakhariya,ડખરીયા
KHEDA,BALASINOR,DEV,DEV,8064,50,1098,exact,taluka,MAHISAGAR,32,Balasinor,05,065,Dev,દેવ
KHEDA,BALASINOR,DHADI,DHADI,8065,2,241,exact,taluka,MAHISAGAR,32,Balasinor,05,073,Dhadi,ઢાઠી
KHEDA,BALASINOR,DHANELA,DHANELA,8066,1,307,exact,taluka,MAHISAGAR,32,Balasinor,05,058,Dhanela,ધનેલા
KHEDA,BALASINOR,DHUNDHALIYA,DHUNDHALIYA,8067,9,243,exact,taluka,MAHISAGAR,32,Balasinor,05,066,Dhundhaliya,ધુંધલિયા
KHEDA,BALASINOR,DOLAT POYDA,DOLATPOYDA,8068,4,573,exact,taluka,MAHISAGAR,32,Balasinor,05,057,Dolat Poyda,દોલત પોરડા
KHEDA,BALASINOR,FELSANI,FELSANI,8069,7,769,exact,taluka,MAHISAGAR,32,Balasinor,05,069,Felsani,ફેલસાણી
KHEDA,BALASINOR,GADHAVADA,GADHAVADA,8070,44,724,exact,taluka,MAHISAGAR,32,Balasinor,05,077,Gadhavada,ગધાવાડા
KHEDA,BALASINOR,GADHNA MUVADA,GADHNAMUVADA,8071,1,42,exact,taluka,MAHISAGAR,32,Balasinor,05,085,Gadhna Muvada,ગઢના મુવાડા
KHEDA,BALASINOR,GAJA PAGINA MUVADA,GAJAPAGINAMUVADA,8072,9,761,exact,taluka,MAHISAGAR,32,Balasinor,05,078,Gaja Pagina Muvada,ગજાપગીનામુવાડા
KHEDA,BALASINOR,GUNDELA,GUNDELA,8073,13,42,exact,taluka,MAHISAGAR,32,Balasinor,05,055,Gundela,ગુંદેલા
KHEDA,BALASINOR,GUNTHLI,GUNTHLI,8074,42,1330,exact,taluka,MAHISAGAR,32,Balasinor,05,070,Gunthli,ગુંથલી
KHEDA,BALASINOR,HANDIYA (BALASINOR),HANDIYABALASINOR,8075,28,495,exact,taluka,MAHISAGAR,32,Balasinor,05,099,Handiya (Balasinor),હાંડીયા (બાલા)
KHEDA,BALASINOR,JAMIYATPURA,JAMIYATPURA,8076,11,200,exact,taluka,MAHISAGAR,32,Balasinor,05,093,Jamiyatpura,જમીયતપુરા
KHEDA,BALASINOR,JANOD,JANOD,8077,32,621,exact,taluka,MAHISAGAR,32,Balasinor,05,075,Janod,જનોડ
KHEDA,BALASINOR,JETHOLI,JETHOLI,8078,30,2647,exact,taluka,MAHISAGAR,32,Balasinor,05,062,Jetholi,જેઠોલી
KHEDA,BALASINOR,JORAPURA,JORAPURA,8079,36,317,exact,taluka,MAHISAGAR,32,Balasinor,05,071,Jorapura,જોરાપુરા
KHEDA,BALASINOR,KADHYA,KADHYA,8080,26,172,exact,taluka,MAHISAGAR,32,Balasinor,05,074,Kadhya,કઢૈયા
KHEDA,BALASINOR,KAMBOPA,KAMBOPA,8081,4,999,exact,taluka,MAHISAGAR,32,Balasinor,05,059,Kambopa,કંબોપા
KHEDA,BALASINOR,KARANPUR,KARANPUR,8082,19,223,exact,taluka,MAHISAGAR,32,Balasinor,05,088,Karanpur,કરણપુર
KHEDA,BALASINOR,KHANDIVAV,KHANDIVAV,8083,14,624,exact,taluka,MAHISAGAR,32,Balasinor,05,067,Khandivav,ખાંડીવાવ
KHEDA,BALASINOR,KOTARBOR,KOTARBOR,8084,6,45,exact,taluka,MAHISAGAR,32,Balasinor,05,084,Kotarbor,કોતરબોર
KHEDA,BALASINOR,KUNJRA,KUNJRA,8085,11,119,exact,taluka,MAHISAGAR,32,Balasinor,05,092,Kunjra,કુંજરા
KHEDA,BALASINOR,LIMBDI,LIMBDI,8086,8,300,exact,taluka,MAHISAGAR,32,Balasinor,05,072,Limbdi,લિંબડી
KHEDA,BALASINOR,MANVARPURA,MANVARPURA,8087,5,122,exact,taluka,MAHISAGAR,32,Balasinor,05,079,Manvarpura,મનવરપુરા
KHEDA,BALASINOR,MEGHALIYA,MEGHALIYA,8088,45,922,exact,taluka,MAHISAGAR,32,Balasinor,05,076,Meghaliya,મેઘલીયા
KHEDA,BALASINOR,NAVAGAMA,NAVAGAMA,8089,17,442,exact,taluka,MAHISAGAR,32,Balasinor,05,091,Navagama,નવગામા
KHEDA,BALASINOR,OTHVAD,OTHVAD,8090,52,1758,exact,taluka,MAHISAGAR,32,Balasinor,05,080,Othvad,ઓથવાડ
KHEDA,BALASINOR,PANDVA,PANDVA,8091,39,2677,exact,taluka,MAHISAGAR,32,Balasinor,05,061,Pandva,પાંડવા
KHEDA,BALASINOR,PARPADIYA,PARPADIYA,8092,8,121,exact,taluka,MAHISAGAR,32,Balasinor,05,100,Parpadiya,પરપડીયા
KHEDA,BALASINOR,PILODRA,PILODRA,8093,33,372,exact,taluka,MAHISAGAR,32,Balasinor,05,086,Pilodra,પિલોદરા
KHEDA,BALASINOR,RAIYOLI,RAIYOLI,8094,16,887,exact,taluka,MAHISAGAR,32,Balasinor,05,063,Raiyoli,રૈયોલી
KHEDA,BALASINOR,RAJPUR (BALASINOR),RAJPURBALASINOR,8095,46,540,exact,taluka,MAHISAGAR,32,Balasinor,05,097,Rajpur (Balasinor),રાજપુર (બાલાસિનોર)
KHEDA,BALASINOR,RALIYATA (BALASINOR),RALIYATABALASINOR,8096,9,154,exact,taluka,MAHISAGAR,32,Balasinor,05,095,Raliyata (Balasinor),રળિયાતા (બાલા)
KHEDA,BALASINOR,SAKARIYA,SAKARIYA,8097,18,583,exact,taluka,MAHISAGAR,32,Balasinor,05,094,Sakariya,સાકરીયા
KHEDA,BALASINOR,SALIYAVADI,SALIYAVADI,8098,15,739,exact,taluka,MAHISAGAR,32,Balasinor,05,087,Saliyavadi,સલિયાવાડી
KHEDA,BALASINOR,SARODA,SARODA,8099,17,758,exact,taluka,MAHISAGAR,32,Balasinor,05,082,Saroda,સરોડા
KHEDA,BALASINOR,SUTARIYA,SUTARIYA,8100,8,532,exact,taluka,MAHISAGAR,32,Balasinor,05,064,Sutariya,સુતારીયા
KHEDA,BALASINOR,VADADALA,VADADALA,8101,57,1871,exact,taluka,MAHISAGAR,32,Balasinor,05,098,Vadadala,વડદલા
KHEDA,BALASINOR,VANAKBORI,VANAKBORI,8102,8,148,exact,taluka,MAHISAGAR,32,Balasinor,05,096,Vanakbori,વણાકબોરી
KHEDA,BALASINOR,VASADRA,VASADRA,8103,58,829,exact,taluka,MAHISAGAR,32,Balasinor,05,060,Vasadra,વસાદરા
KHEDA,KAPADVANJ,ABOCH,ABOCH,8104,52,433,exact,taluka,KHEDA,16,Kapadvanj,01,020,Aboch,અબોચ
KHEDA,KAPADVANJ,ABVEL,ABVEL,8105,63,330,exact,taluka,KHEDA,16,Kapadvanj,01,007,Abvel,આબવેલ
KHEDA,KAPADVANJ,ADHAR NA MUVADA,ADHARNAMUVADA,8106,8,87,exact,taluka,KHEDA,16,Kapadvanj,01,098,Adhar na muvada,અઘાટના મુવાડા
KHEDA,KAPADVANJ,ALAMPUR,ALAMPUR,8107,44,138,exact,taluka,KHEDA,16,Kapadvanj,01,056,Alampur,આલમપુરા
KHEDA,KAPADVANJ,ALAVA,ALAVA,8108,92,1080,exact,taluka,KHEDA,16,Kapadvanj,01,118,Alava,અલવા
KHEDA,KAPADVANJ,AMBALIYARA,AMBALIYARA,8109,19,642,exact,taluka,KHEDA,16,Kapadvanj,01,079,Ambaliyara,આંબલિયારા
KHEDA,KAPADVANJ,ANTISAR,ANTISAR,8110,429,2167,exact,taluka,KHEDA,16,Kapadvanj,01,072,Antisar,અંતિસર
KHEDA,KAPADVANJ,ANTROLI,ANTROLI,8111,80,1227,exact,taluka,KHEDA,16,Kapadvanj,01,082,Antroli,આંત્રોલી
KHEDA,KAPADVANJ,ATARSUMBA,ATARSUMBA,8112,83,659,exact,taluka,KHEDA,16,Kapadvanj,01,065,Atarsumba,આંતરસુંબા
KHEDA,KAPADVANJ,BAVANO MATH,BAVANOMATH,8113,9,39,exact,taluka,KHEDA,16,Kapadvanj,01,022,Bavano Math,બાવાનો મઠ
KHEDA,KAPADVANJ,BETAVADA,BETAVADA,8114,31,891,exact,taluka,KHEDA,16,Kapadvanj,01,115,Betavada,બેટાવાડા
KHEDA,KAPADVANJ,BHAILAKUI,BHAILAKUI,8115,25,267,exact,taluka,KHEDA,16,Kapadvanj,01,046,Bhailakui,ભાઈલાકુઈ
KHEDA,KAPADVANJ,BHOJA NA MUVADA,BHOJANAMUVADA,8116,40,370,exact,taluka,KHEDA,16,Kapadvanj,01,005,Bhoja Na Muvada,ભોજા ના મુવાડા
KHEDA,KAPADVANJ,BHUNGALIYA,BHUNGALIYA,8117,33,389,exact,taluka,KHEDA,16,Kapadvanj,01,042,Bhungaliya,ભુંગળીયા
KHEDA,KAPADVANJ,BHUTIYA,BHUTIYA,8118,19,773,exact,taluka,KHEDA,16,Kapadvanj,01,055,Bhutiya,ભુતિયા
KHEDA,KAPADVANJ,BOBHA,BOBHA,8119,8,180,exact,taluka,KHEDA,16,Kapadvanj,01,103,Bobha,બોભા
KHEDA,KAPADVANJ,CHIKHLOD,CHIKHLOD,8120,115,1669,exact,successor,KHEDA,16,Fagvel,14,089,Chikhlod,ચિખલોડ
KHEDA,KAPADVANJ,DADANA MUVADA,DADANAMUVADA,8121,12,147,exact,taluka,KHEDA,16,Kapadvanj,01,105,Dadana Muvada,દાદાના મુવાડા
KHEDA,KAPADVANJ,DAHIYAP,DAHIYAP,8122,92,1626,exact,taluka,KHEDA,16,Kapadvanj,01,094,Dahiyap,દહીઅપ
KHEDA,KAPADVANJ,DANA,DANA,8123,24,757,exact,taluka,KHEDA,16,Kapadvanj,01,087,Dana,દાણા
KHEDA,KAPADVANJ,DANADRA,DANADRA,8124,114,452,exact,successor,KHEDA,16,Fagvel,14,073,Danadra,દનાદરા
KHEDA,KAPADVANJ,DANDIYAPUR,DANDIYAPUR,8125,9,347,exact,taluka,KHEDA,16,Kapadvanj,01,027,Dandiyapur,દાંડીયાપુર
KHEDA,KAPADVANJ,DANTALI,DANTALI,8126,54,1053,exact,taluka,KHEDA,16,Kapadvanj,01,038,Dantali,દંતાલી
KHEDA,KAPADVANJ,DASALVADA,DASALVADA,8127,58,426,exact,taluka,KHEDA,16,Kapadvanj,01,081,Dasalvada,દાસલવાડા
KHEDA,KAPADVANJ,DERADI PAVATHI,DERADIPAVATHI,8128,10,35,exact,taluka,KHEDA,16,Kapadvanj,01,002,Deradi Pavathi,દેરડી પાવડી
KHEDA,KAPADVANJ,DHULIYA VASNA,DHULIYAVASNA,8129,31,283,exact,taluka,KHEDA,16,Kapadvanj,01,009,Dhuliya Vasna,ધુળિયા વાસણા
KHEDA,KAPADVANJ,DUDHATHAL,DUDHATHAL,8130,57,369,exact,taluka,KHEDA,16,Kapadvanj,01,052,Dudhathal,દુધાથલ
KHEDA,KAPADVANJ,FATIYABAD,FATIYABAD,8131,23,227,exact,taluka,KHEDA,16,Kapadvanj,01,080,Fatiyabad,ફતિયાવાદ
KHEDA,KAPADVANJ,FULJI NAMUVADA,FULJINAMUVADA,8132,15,198,exact,taluka,KHEDA,16,Kapadvanj,01,109,Fulji naMuvada,ફુલજીના મુવાડા
KHEDA,KAPADVANJ,GAROD,GAROD,8133,141,2211,exact,taluka,KHEDA,16,Kapadvanj,01,071,Garod,ગરોડ
KHEDA,KAPADVANJ,GHADIA,GHADIA,8134,51,722,exact,taluka,KHEDA,16,Kapadvanj,01,111,Ghadia,ઘડીયા
KHEDA,KAPADVANJ,GHAUWA,GHAUWA,8135,95,857,exact,taluka,KHEDA,16,Kapadvanj,01,116,Ghauwa,ઘઉઆ
KHEDA,KAPADVANJ,GOCHARNA MUVADA,GOCHARNAMUVADA,8136,3,209,exact,taluka,KHEDA,16,Kapadvanj,01,017,Gocharna Muvada,ગૌચરના મુવાડા
KHEDA,KAPADVANJ,HAMIRPURA,HAMIRPURA,8137,16,228,exact,taluka,KHEDA,16,Kapadvanj,01,045,Hamirpura,હમીરપુરા
KHEDA,KAPADVANJ,JAGDUPUR,JAGDUPUR,8138,10,87,exact,taluka,KHEDA,16,Kapadvanj,01,057,Jagdupur,જગડુપુર
KHEDA,KAPADVANJ,JALOYA,JALOYA,8139,21,158,exact,taluka,KHEDA,16,Kapadvanj,01,060,Jaloya,જલોયા
KHEDA,KAPADVANJ,JAMBUDI,JAMBUDI,8140,7,231,exact,taluka,KHEDA,16,Kapadvanj,01,013,Jambudi,જાંબુડી
KHEDA,KAPADVANJ,KABHAINA MUVADA,KABHAINAMUVADA,8141,25,322,exact,taluka,KHEDA,16,Kapadvanj,01,064,Kabhaina Muvada,કાભઈના મુવાડા
KHEDA,KAPADVANJ,KALAJI,KALAJI,8142,19,208,exact,taluka,KHEDA,16,Kapadvanj,01,047,Kalaji,કલાજી
KHEDA,KAPADVANJ,KAMBOYA,KAMBOYA,8143,3,131,exact,taluka,KHEDA,16,Kapadvanj,01,019,Kamboya,કંબોયા
KHEDA,KAPADVANJ,KARKARIYA,KARKARIYA,8144,34,281,exact,taluka,KHEDA,16,Kapadvanj,01,062,Karkariya,કરકરીયા
KHEDA,KAPADVANJ,KASHIPURA,KASHIPURA,8145,24,582,exact,taluka,KHEDA,16,Kapadvanj,01,035,Kashipura,કાશીપુરા
KHEDA,KAPADVANJ,KAVATH,KAVATH,8146,7,453,exact,taluka,KHEDA,16,Kapadvanj,01,033,Kavath,કાવઠ
KHEDA,KAPADVANJ,KEVADIYA,KEVADIYA,8147,27,810,exact,taluka,KHEDA,16,Kapadvanj,01,043,Kevadiya,કેવળીયા
KHEDA,KAPADVANJ,KHADOL,KHADOL,8148,58,573,exact,successor,KHEDA,16,Fagvel,14,074,Khadol,ખડોલ
KHEDA,KAPADVANJ,KHANPUR,KHANPUR,8149,23,147,exact,taluka,KHEDA,16,Kapadvanj,01,058,Khanpur,ખાનપુર
KHEDA,KAPADVANJ,KOSAM,KOSAM,8150,42,256,exact,taluka,KHEDA,16,Kapadvanj,01,067,Kosam,કોસમ
KHEDA,KAPADVANJ,KOTWALNA MUVADA,KOTWALNAMUVADA,8151,11,133,exact,taluka,KHEDA,16,Kapadvanj,01,028,Kotwalna Muvada,કોટવાલના મુવાડા
KHEDA,KAPADVANJ,LADUJINA MUVADA,LADUJINAMUVADA,8152,17,193,exact,taluka,KHEDA,16,Kapadvanj,01,040,Ladujina Muvada,લાડુજીના મુવાડા
KHEDA,KAPADVANJ,LAL MANDVA,LALMANDVA,8153,34,1688,exact,taluka,KHEDA,16,Kapadvanj,01,004,Lal Mandva,લાલ માંડવા
KHEDA,KAPADVANJ,LALPUR,LALPUR,8154,28,207,exact,taluka,KHEDA,16,Kapadvanj,01,048,Lalpur,લાલપુર
KHEDA,KAPADVANJ,LALPUR (NIRMALI),LALPURNIRMALI,8155,31,755,exact,taluka,KHEDA,16,Kapadvanj,01,021,Lalpur (Nirmali),લાલપુર (નિરમાલી)
KHEDA,KAPADVANJ,LETAR,LETAR,8156,80,479,exact,taluka,KHEDA,16,Kapadvanj,01,050,Letar,લેટર
KHEDA,KAPADVANJ,MAHAMADPURA,MAHAMADPURA,8157,32,388,exact,taluka,KHEDA,16,Kapadvanj,01,078,Mahamadpura,મહંમદપુરા
KHEDA,KAPADVANJ,MAL ITADI BARAIYA BH,MALITADIBARAIYABH,8158,43,283,exact,successor,KHEDA,16,Fagvel,14,091,Mal Itadi Baraiya Bh,માલ ઈટાડી બા.ભા
KHEDA,KAPADVANJ,MAL ITADI PAGI BHAG,MALITADIPAGIBHAG,8159,63,881,exact,successor,KHEDA,16,Fagvel,14,092,Mal Itadi Pagi Bhag,માલ ઈટાડી પ.ભા
KHEDA,KAPADVANJ,MALANA MUVADA,MALANAMUVADA,8160,9,348,exact,taluka,KHEDA,16,Kapadvanj,01,018,Malana Muvada,માલના મુવાડા
KHEDA,KAPADVANJ,MIRAPUR,MIRAPUR,8161,33,295,exact,taluka,KHEDA,16,Kapadvanj,01,077,Mirapur,મીરાપુર
KHEDA,KAPADVANJ,MOTI ZER,MOTIZER,8162,52,676,exact,taluka,KHEDA,16,Kapadvanj,01,011,Moti Zer,મોટી ઝેર
KHEDA,KAPADVANJ,NANI ZER,NANIZER,8163,28,539,exact,taluka,KHEDA,16,Kapadvanj,01,010,Nani Zer,નાની ઝેર
KHEDA,KAPADVANJ,NARSHIPUR,NARSHIPUR,8164,31,1026,exact,taluka,KHEDA,16,Kapadvanj,01,012,Narshipur,નરસિંહપુર
KHEDA,KAPADVANJ,NATHANA MUVADA,NATHANAMUVADA,8165,3,97,exact,taluka,KHEDA,16,Kapadvanj,01,015,Nathana Muvada,નાથાના મુવાડા
KHEDA,KAPADVANJ,NAVAGAM,NAVAGAM,8166,74,1162,exact,taluka,KHEDA,16,Kapadvanj,01,069,Navagam,નવાગામ
KHEDA,KAPADVANJ,NIKOL,NIKOL,8167,41,405,exact,taluka,KHEDA,16,Kapadvanj,01,108,Nikol,નિકોલ
KHEDA,KAPADVANJ,NIRMALI,NIRMALI,8168,24,1420,exact,taluka,KHEDA,16,Kapadvanj,01,026,Nirmali,નિરમાલી
KHEDA,KAPADVANJ,PALAIYA,PALAIYA,8169,9,63,exact,taluka,KHEDA,16,Kapadvanj,01,023,Palaiya,પાલૈયા
KHEDA,KAPADVANJ,PATHODA,PATHODA,8170,15,472,exact,taluka,KHEDA,16,Kapadvanj,01,031,Pathoda,પ઼થોડા
KHEDA,KAPADVANJ,PIROJPUR,PIROJPUR,8171,21,147,exact,taluka,KHEDA,16,Kapadvanj,01,039,Pirojpur,પિરોજપુર
KHEDA,KAPADVANJ,PUNADARA,PUNADARA,8172,59,310,exact,taluka,KHEDA,16,Kapadvanj,01,106,Punadara,પુનાદરા
KHEDA,KAPADVANJ,RAMOSADI,RAMOSADI,8173,12,193,exact,taluka,KHEDA,16,Kapadvanj,01,100,Ramosadi,રામોસડી
KHEDA,KAPADVANJ,RAMPURA (SUNDARVADI/MANDVA),RAMPURASUNDARVADIMANDVA,8174,14,75,exact,taluka,KHEDA,16,Kapadvanj,01,076,Rampura (Sorana),રામપુરા (સોરણા)
KHEDA,KAPADVANJ,RELIYA,RELIYA,8175,20,120,exact,taluka,KHEDA,16,Kapadvanj,01,053,Reliya,રેલીયા
KHEDA,KAPADVANJ,ROZAVADA,ROZAVADA,8176,8,89,exact,taluka,KHEDA,16,Kapadvanj,01,097,Rozavada,રોઝાવાડા
KHEDA,KAPADVANJ,SALOD,SALOD,8177,13,518,exact,taluka,KHEDA,16,Kapadvanj,01,088,Salod,સાલોડ
KHEDA,KAPADVANJ,SAVALI,SAVALI,8178,122,820,exact,taluka,KHEDA,16,Kapadvanj,01,093,Savali,સાવલી
KHEDA,KAPADVANJ,SHIHORA,SHIHORA,8179,47,413,exact,taluka,KHEDA,16,Kapadvanj,01,006,Shihora,સિહોરા
KHEDA,KAPADVANJ,SINGALI,SINGALI,8180,36,390,exact,taluka,KHEDA,16,Kapadvanj,01,068,Singali,સિંગાલી
KHEDA,KAPADVANJ,SINGPUR,SINGPUR,8181,17,181,exact,taluka,KHEDA,16,Kapadvanj,01,014,Singpur,સિંગપુર
KHEDA,KAPADVANJ,SORNA,SORNA,8182,58,939,exact,taluka,KHEDA,16,Kapadvanj,01,117,Sorna,સોરણા
KHEDA,KAPADVANJ,SUKI,SUKI,8183,10,139,exact,taluka,KHEDA,16,Kapadvanj,01,032,Suki,સુકી
KHEDA,KAPADVANJ,SULTANPUR (TAIYABPUR,SULTANPURTAIYABPUR,8184,25,127,exact,taluka,KHEDA,16,Kapadvanj,01,059,Sultanpur (Taiyabpur,સુલતાનપુર(તૈયબપુરા
KHEDA,KAPADVANJ,SULTANPUR (VADADHARA,SULTANPURVADADHARA,8185,14,539,exact,taluka,KHEDA,16,Kapadvanj,01,037,Sultanpur (Vadadhara,સુલતાનપુર (વડેડરા)
KHEDA,KAPADVANJ,SUNDA,SUNDA,8186,53,1177,exact,taluka,KHEDA,16,Kapadvanj,01,054,Sunda,સુણદા
KHEDA,KAPADVANJ,TAIYABPUR,TAIYABPUR,8187,71,733,exact,taluka,KHEDA,16,Kapadvanj,01,070,Taiyabpur,તૈયબપુર
KHEDA,KAPADVANJ,TALPODA,TALPODA,8188,16,100,exact,taluka,KHEDA,16,Kapadvanj,01,003,Talpoda,તાલપોડા
KHEDA,KAPADVANJ,TELNAR,TELNAR,8189,22,1146,exact,taluka,KHEDA,16,Kapadvanj,01,024,Telnar,તેલનાર
KHEDA,KAPADVANJ,THAVAD,THAVAD,8190,47,529,exact,taluka,KHEDA,16,Kapadvanj,01,036,Thavad,થવાદ
KHEDA,KAPADVANJ,THUNCHAL,THUNCHAL,8191,15,230,exact,taluka,KHEDA,16,Kapadvanj,01,099,Thunchal,ઠુંચાલ
KHEDA,KAPADVANJ,TORNA,TORNA,8192,63,1497,exact,taluka,KHEDA,16,Kapadvanj,01,085,Torna,તોરણા
KHEDA,KAPADVANJ,UKARDINA MUVADA,UKARDINAMUVADA,8193,37,315,exact,taluka,KHEDA,16,Kapadvanj,01,061,Ukardina Muvada,ઉકર઼઼ડીના મુવાડા
KHEDA,KAPADVANJ,VADADHARA,VADADHARA,8194,35,447,exact,taluka,KHEDA,16,Kapadvanj,01,051,Vadadhara,વડધરા
KHEDA,KAPADVANJ,VADALI,VADALI,8195,94,737,exact,taluka,KHEDA,16,Kapadvanj,01,049,Vadali,વડાલી
KHEDA,KAPADVANJ,VADOL,VADOL,8196,29,1220,exact,successor,KHEDA,16,Fagvel,14,090,Vadol,વડોલ
KHEDA,KAPADVANJ,VAGHANA MUVADA,VAGHANAMUVADA,8197,6,91,exact,taluka,KHEDA,16,Kapadvanj,01,016,Vaghana Muvada,વાઘાના મુવાડા
KHEDA,KAPADVANJ,VAGHAS,VAGHAS,8198,33,1268,exact,taluka,KHEDA,16,Kapadvanj,01,030,Vaghas,વઘાસ
KHEDA,KAPADVANJ,VAGHAVAT,VAGHAVAT,8199,16,78,exact,taluka,KHEDA,16,Kapadvanj,01,107,Vaghavat,વાઘાવત
KHEDA,KAPADVANJ,VAGHJIPUR,VAGHJIPUR,8200,14,150,exact,taluka,KHEDA,16,Kapadvanj,01,044,Vaghjipur,વાઘજીપુરા
KHEDA,KAPADVANJ,VALVA MAHUDA,VALVAMAHUDA,8201,5,129,exact,taluka,KHEDA,16,Kapadvanj,01,034,Valva Mahuda,વાલ્વા મહુડા
KHEDA,KAPADVANJ,VASNA,VASNA,8202,15,212,exact,taluka,KHEDA,16,Kapadvanj,01,086,Vasna,વાસણા
KHEDA,KAPADVANJ,VAVNA MUVADA,VAVNAMUVADA,8203,8,81,exact,taluka,KHEDA,16,Kapadvanj,01,063,Vavna Muvada,વાવના મુવાડા
KHEDA,KAPADVANJ,VEJALPUR,VEJALPUR,8204,15,141,exact,taluka,KHEDA,16,Kapadvanj,01,075,Vejalpur,વેજલપુર
KHEDA,KAPADVANJ,VYAS VASNA,VYASVASNA,8205,54,830,exact,taluka,KHEDA,16,Kapadvanj,01,029,Vyas Vasna,વ્યાસ વાસણા
KHEDA,KAPADVANJ,VYASJINA MUVADA,VYASJINAMUVADA,8206,12,258,exact,taluka,KHEDA,16,Kapadvanj,01,025,Vyasjina Muvada,વ્યાસજીના મુવાડા
KHEDA,KAPADVANJ,ZANDA,ZANDA,8207,45,521,exact,taluka,KHEDA,16,Kapadvanj,01,008,Zanda,ઝંડા
KHEDA,KATHLAL,ABHRIPUR,ABHRIPUR,8208,4,258,exact,taluka,KHEDA,16,Kathlal,04,023,Abhripur,અભરીપુર
KHEDA,KATHLAL,ANARA,ANARA,8209,56,1283,exact,taluka,KHEDA,16,Kathlal,04,032,Anara,અનારા
KHEDA,KATHLAL,APRUJI,APRUJI,8210,32,417,exact,taluka,KHEDA,16,Kathlal,04,053,Apruji,અપ્રુજી
KHEDA,KATHLAL,ARAL,ARAL,8211,17,241,exact,taluka,KHEDA,16,Kathlal,04,009,Aral,અરાલ
KHEDA,KATHLAL,BADARPUR,BADARPUR,8212,16,452,exact,taluka,KHEDA,16,Kathlal,04,003,Badarpur,બદરપુર
KHEDA,KATHLAL,BAGDOL,BAGDOL,8213,10,326,exact,taluka,KHEDA,16,Kathlal,04,024,Bagdol,બગડોલ
KHEDA,KATHLAL,BHAGATNA MUVADA,BHAGATNAMUVADA,8214,5,130,exact,taluka,KHEDA,16,Kathlal,04,057,Bhagatna Muvada,ભગતના મુવાડા
KHEDA,KATHLAL,BHANER,BHANER,8215,34,899,exact,taluka,KHEDA,16,Kathlal,04,047,Bhaner,ભાનેર
KHEDA,KATHLAL,BHARKUNDA,BHARKUNDA,8216,9,1038,exact,taluka,KHEDA,16,Kathlal,04,022,Bharkunda,ભરકુંડા
KHEDA,KATHLAL,BHATERA,BHATERA,8217,56,917,exact,taluka,KHEDA,16,Kathlal,04,017,Bhatera,ભાટેરા
KHEDA,KATHLAL,CHARAN NIKOL,CHARANNIKOL,8218,45,1526,exact,successor,KHEDA,16,Fagvel,14,013,Charan Nikol,ચારણ નિકોલ
KHEDA,KATHLAL,CHARED,CHARED,8219,27,115,exact,taluka,KHEDA,16,Kathlal,04,001,Chared,ચરેડ
KHEDA,KATHLAL,CHELAVAT,CHELAVAT,8220,14,116,exact,taluka,KHEDA,16,Kathlal,04,056,Chelavat,ચેલાવત
KHEDA,KATHLAL,CHHIPADI,CHHIPADI,8221,63,455,exact,taluka,KHEDA,16,Kathlal,04,019,Chhipadi,છીપડી
KHEDA,KATHLAL,CHHIPIAL,CHHIPIAL,8222,11,446,exact,taluka,KHEDA,16,Kathlal,04,021,Chhipial,છીપીયાલ
KHEDA,KATHLAL,DAMPAT,DAMPAT,8223,57,1439,exact,taluka,KHEDA,16,Kathlal,04,016,Dampat,દાંપટ
KHEDA,KATHLAL,FAGVEL,FAGVEL,8224,63,1427,exact,successor,KHEDA,16,Fagvel,14,012,Fagvel,ફાગવેલ
KHEDA,KATHLAL,FULCHHATRAPURA,FULCHHATRAPURA,8225,3,447,exact,successor,KHEDA,16,Fagvel,14,037,Fulchhatrapura,ફુલછત્રપુરા
KHEDA,KATHLAL,GADVEL,GADVEL,8226,27,221,exact,taluka,KHEDA,16,Kathlal,04,008,Gadvel,ગાડવેલ
KHEDA,KATHLAL,GANGADAS NA MUVADA,GANGADASNAMUVADA,8227,4,226,exact,taluka,KHEDA,16,Kathlal,04,049,Gangadas na muvada,ગંગાદાસ ના મુવાડા
KHEDA,KATHLAL,GANGIYAL,GANGIYAL,8228,13,240,exact,taluka,KHEDA,16,Kathlal,04,020,Gangiyal,ગંગીયાલ
KHEDA,KATHLAL,GHOGHAVADA,GHOGHAVADA,8229,6,588,exact,taluka,KHEDA,16,Kathlal,04,039,Ghoghavada,ઘોઘાવાડા
KHEDA,KATHLAL,GUGADIA,GUGADIA,8230,7,200,exact,taluka,KHEDA,16,Kathlal,04,041,Gugadia,ગુગડીયા
KHEDA,KATHLAL,HATHIA NI MUVADI,HATHIANIMUVADI,8231,6,80,exact,taluka,KHEDA,16,Kathlal,04,046,Hathia Ni Muvadi,હાથીયા ની મુવાડી
KHEDA,KATHLAL,JAMNI,JAMNI,8232,6,95,exact,taluka,KHEDA,16,Kathlal,04,027,Jamni,જમણી
KHEDA,KATHLAL,JITPURA,JITPURA,8233,3,185,exact,taluka,KHEDA,16,Kathlal,04,028,Jitpura,જીતપુરા
KHEDA,KATHLAL,KAKARKHAD,KAKARKHAD,8234,46,362,exact,taluka,KHEDA,16,Kathlal,04,002,Kakarkhad,કાકરખાડ
KHEDA,KATHLAL,KALETAR,KALETAR,8235,2,259,exact,taluka,KHEDA,16,Kathlal,04,010,Kaletar,કાલેતર
KHEDA,KATHLAL,KANIYEL,KANIYEL,8236,41,1688,exact,taluka,KHEDA,16,Kathlal,04,018,Kaniyel,કાણિયેલ
KHEDA,KATHLAL,KATHANA,KATHANA,8237,53,1042,exact,taluka,KHEDA,16,Kathlal,04,033,Kathana,કઠાણા
KHEDA,KATHLAL,KHADAL,KHADAL,8238,38,408,exact,taluka,KHEDA,16,Kathlal,04,050,Khadal,ખડાલ
KHEDA,KATHLAL,KHALAL,KHALAL,8239,33,326,exact,taluka,KHEDA,16,Kathlal,04,006,Khalal,ખલાલ
KHEDA,KATHLAL,LADVEL,LADVEL,8240,13,270,exact,successor,KHEDA,16,Fagvel,14,035,Ladvel,લાડવેલ
KHEDA,KATHLAL,LAKHAMIYA NI MUVADI,LAKHAMIYANIMUVADI,8241,2,97,exact,taluka,KHEDA,16,Kathlal,04,042,Lakhamiya Ni muvadi,લખામીયાના મુવાડા
KHEDA,KATHLAL,LASUNDRA,LASUNDRA,8242,82,2113,exact,successor,KHEDA,16,Fagvel,14,036,Lasundra,લસુન્દ્રા
KHEDA,KATHLAL,LAXMANPURA,LAXMANPURA,8243,49,482,exact,successor,KHEDA,16,Fagvel,14,034,Laxmanpura,લક્ષ્મણપુરા
KHEDA,KATHLAL,MADADARA,MADADARA,8244,17,160,exact,taluka,KHEDA,16,Kathlal,04,058,Madadara,મડાદરા
KHEDA,KATHLAL,MANOR NI MIVADI,MANORNIMIVADI,8245,4,121,exact,taluka,KHEDA,16,Kathlal,04,045,Manor ni Mivadi,મનોર ની મુવાડી
KHEDA,KATHLAL,MIRJAPUR,MIRJAPUR,8246,7,456,exact,taluka,KHEDA,16,Kathlal,04,004,Mirjapur,મીરજાપુર
KHEDA,KATHLAL,MOTI BHANAVAT,MOTIBHANAVAT,8247,5,155,exact,taluka,KHEDA,16,Kathlal,04,043,Moti Bhanavat,મોટી ભાણાવત
KHEDA,KATHLAL,MUDEL RATANPUR,MUDELRATANPUR,8248,21,361,exact,taluka,KHEDA,16,Kathlal,04,007,Mudel Ratanpur,મુડેલ રતનપુર
KHEDA,KATHLAL,NANI BHANAVAT,NANIBHANAVAT,8249,7,46,exact,taluka,KHEDA,16,Kathlal,04,044,Nani Bhanavat,નાની ભાણાવત
KHEDA,KATHLAL,NARPUR,NARPUR,8250,13,173,exact,taluka,KHEDA,16,Kathlal,04,054,Narpur,નારપુર
KHEDA,KATHLAL,PAHAD,PAHAD,8251,12,153,exact,taluka,KHEDA,16,Kathlal,04,030,Pahad,પહાડ
KHEDA,KATHLAL,PATTO,PATTO,8252,6,289,exact,taluka,KHEDA,16,Kathlal,04,051,Patto,પાટો
KHEDA,KATHLAL,PITHAI,PITHAI,8253,44,951,exact,taluka,KHEDA,16,Kathlal,04,025,Pithai,પિઠાઈ
KHEDA,KATHLAL,PORDA BHATERA,PORDABHATERA,8254,29,366,exact,taluka,KHEDA,16,Kathlal,04,031,Porda Bhatera,પોરડા ભાટેરા
KHEDA,KATHLAL,PORDA FAGVEL,PORDAFAGVEL,8255,27,333,exact,successor,KHEDA,16,Fagvel,14,038,Porda Fagvel,પોરડા ફાગવેલ
KHEDA,KATHLAL,RAVDAVAT,RAVDAVAT,8256,23,332,exact,taluka,KHEDA,16,Kathlal,04,055,Ravdavat,રવદાવત
KHEDA,KATHLAL,SANDESAR,SANDESAR,8257,15,764,exact,taluka,KHEDA,16,Kathlal,04,052,Sandesar,સંદેશર
KHEDA,KATHLAL,SARALI,SARALI,8258,11,418,exact,taluka,KHEDA,16,Kathlal,04,026,Sarali,સરાલી
KHEDA,KATHLAL,SARKHEJ,SARKHEJ,8259,50,324,exact,taluka,KHEDA,16,Kathlal,04,005,Sarkhej,સરખેજ
KHEDA,KATHLAL,SHAHPUR,SHAHPUR,8260,23,360,exact,taluka,KHEDA,16,Kathlal,04,029,Shahpur,શાહપુર
KHEDA,KATHLAL,SIKANDAR PORDA,SIKANDARPORDA,8261,15,171,exact,successor,KHEDA,16,Fagvel,14,015,Sikandar Porda,સિકંદર પોરડા
KHEDA,KATHLAL,SIPAI NI MUVADI,SIPAINIMUVADI,8262,2,190,exact,taluka,KHEDA,16,Kathlal,04,048,Sipai ni muvadi,સિપાઈ ની મુવાડી
KHEDA,KATHLAL,SURAVAT,SURAVAT,8263,6,49,exact,taluka,KHEDA,16,Kathlal,04,059,Suravat,સુરાવત
KHEDA,KATHLAL,VANTADA,VANTADA,8264,11,108,exact,taluka,KHEDA,16,Kathlal,04,060,Vantada,વાંટડા
KHEDA,KATHLAL,VISHVANATHPURA,VISHVANATHPURA,8265,34,277,exact,successor,KHEDA,16,Fagvel,14,014,Vishvanathpura,વિશ્વનાથ઼પુરા
KHEDA,KHEDA,BHERAI,BHERAI,8266,55,631,exact,taluka,KHEDA,16,Kheda,06,017,Bherai,ભેરઈ
KHEDA,KHEDA,BIDAJ,BIDAJ,8267,24,1760,exact,taluka,KHEDA,16,Kheda,06,004,Bidaj,બીડજ
KHEDA,KHEDA,CHALINDRA,CHALINDRA,8268,61,1077,exact,taluka,KHEDA,16,Kheda,06,033,Chalindra,ચલિન્દ્રા
KHEDA,KHEDA,CHANDNA,CHANDNA,8269,57,607,exact,taluka,KHEDA,16,Kheda,06,030,Chandna,ચાંદણા
KHEDA,KHEDA,CHITRASAR,CHITRASAR,8270,58,762,exact,taluka,KHEDA,16,Kheda,06,027,Chitrasar,ચિત્રાસર
KHEDA,KHEDA,DAMARI,DAMARI,8271,4,393,exact,taluka,KHEDA,16,Kheda,06,021,Damari,ડામરી
KHEDA,KHEDA,DEDHARDA,DEDHARDA,8272,2,309,exact,taluka,KHEDA,16,Kheda,06,040,DEDHARDA,દેડરડા
KHEDA,KHEDA,DHADAL,DHADAL,8273,37,454,exact,taluka,KHEDA,16,Kheda,06,024,Dhadal,ઢઢાલ
KHEDA,KHEDA,DHARODA,DHARODA,8274,65,2748,exact,taluka,KHEDA,16,Kheda,06,038,Dharoda,ધરોડા
KHEDA,KHEDA,GOBLAJ,GOBLAJ,8275,75,1522,exact,taluka,KHEDA,16,Kheda,06,031,Goblaj,ગોબલજ
KHEDA,KHEDA,GOVINDPURA,GOVINDPURA,8276,28,496,exact,taluka,KHEDA,16,Kheda,06,023,Govindpura,ગોવિંદપુરા
KHEDA,KHEDA,HARIYADA,HARIYADA,8277,65,1146,exact,taluka,KHEDA,16,Kheda,06,035,Hariyada,હરીયાળા
KHEDA,KHEDA,KAJIPURA,KAJIPURA,8278,25,226,exact,taluka,KHEDA,16,Kheda,06,013,Kajipura,કાજીપુરા
KHEDA,KHEDA,KALOLI,KALOLI,8279,33,1312,exact,taluka,KHEDA,16,Kheda,06,026,Kaloli,કલોલી
KHEDA,KHEDA,KANERA,KANERA,8280,46,744,exact,taluka,KHEDA,16,Kheda,06,029,Kanera,કનેરા
KHEDA,KHEDA,KATHVADA,KATHVADA,8281,66,883,exact,taluka,KHEDA,16,Kheda,06,016,Kathvada,કઠવાડા
KHEDA,KHEDA,KHUMARVAD,KHUMARVAD,8282,17,590,exact,taluka,KHEDA,16,Kheda,06,009,Khumarvad,ખુમારવાડ
KHEDA,KHEDA,LALI,LALI,8283,55,1287,exact,taluka,KHEDA,16,Kheda,06,005,Lali,લાલી-ઉમિયાપુરા
KHEDA,KHEDA,MAHIJ,MAHIJ,8284,129,2083,exact,taluka,KHEDA,16,Kheda,06,007,Mahij,મહિજ
KHEDA,KHEDA,MALARPURA,MALARPURA,8285,40,333,exact,taluka,KHEDA,16,Kheda,06,015,Malarpura,મલારપુરા
KHEDA,KHEDA,NAVAGAM,NAVAGAM,8286,72,1420,exact,taluka,KHEDA,16,Kheda,06,032,Navagam,નવાગામ
KHEDA,KHEDA,NAYAKA,NAYAKA,8287,177,2372,exact,taluka,KHEDA,16,Kheda,06,039,Nayaka,નાયકા
KHEDA,KHEDA,PANSOLI,PANSOLI,8288,25,425,exact,taluka,KHEDA,16,Kheda,06,018,Pansoli,પણસોલી
KHEDA,KHEDA,PARASANTAJ,PARASANTAJ,8289,16,866,fuzzy,taluka,KHEDA,16,Kheda,06,041,parsataj,પરસાંતજ
KHEDA,KHEDA,PINGALAJ,PINGALAJ,8290,29,587,exact,taluka,KHEDA,16,Kheda,06,019,Pingalaj,પિંગલજ
KHEDA,KHEDA,RADHU,RADHU,8291,171,1865,exact,taluka,KHEDA,16,Kheda,06,028,Radhu,રઢુ
KHEDA,KHEDA,RASIKPURA,RASIKPURA,8292,15,277,exact,taluka,KHEDA,16,Kheda,06,036,Rasikpura,રસિકપુરા
KHEDA,KHEDA,SAMADARA,SAMADARA,8293,40,547,exact,taluka,KHEDA,16,Kheda,06,001,Samadara,સમાદરા
KHEDA,KHEDA,SARSA,SARSA,8294,46,2432,exact,taluka,KHEDA,16,Kheda,06,012,Sarsa,સારસા
KHEDA,KHEDA,SHANKEJ,SHANKEJ,8295,40,731,exact,taluka,KHEDA,16,Kheda,06,008,Shankej,સાંખેજ
KHEDA,KHEDA,SHETRA,SHETRA,8296,42,903,exact,taluka,KHEDA,16,Kheda,06,022,Shetra,શેત્રા
KHEDA,KHEDA,VADALA,VADALA,8297,17,359,exact,taluka,KHEDA,16,Kheda,06,025,Vadala,વડાલા
KHEDA,KHEDA,VAIKUNTHPURA,VAIKUNTHPURA,8298,7,78,exact,taluka,KHEDA,16,Kheda,06,014,Vaikunthpura,વૈકુંઠપુરા
KHEDA,KHEDA,VARSANGH,VARSANGH,8299,22,789,exact,taluka,KHEDA,16,Kheda,06,034,Varsangh,વારસંગ
KHEDA,KHEDA,VASANA BUJARAG,VASANABUJARAG,8300,78,1150,exact,taluka,KHEDA,16,Kheda,06,037,Vasana Bujarag,વાસણા બુઝર્ગ
KHEDA,KHEDA,VASANA KHURD,VASANAKHURD,8301,13,1921,exact,taluka,KHEDA,16,Kheda,06,002,Vasana Khurd,વાસણ ખુર્દ
KHEDA,KHEDA,VASANA MARIGAYA,VASANAMARIGAYA,8302,35,907,exact,taluka,KHEDA,16,Kheda,06,003,Vasana Marigaya,વાસણા મારગીયા
KHEDA,KHEDA,VAVADI,VAVADI,8303,22,367,exact,taluka,KHEDA,16,Kheda,06,020,Vavadi,વાવડી
KHEDA,MAHUDHA,ALINA,ALINA,8304,162,4647,exact,taluka,KHEDA,16,Mahudha,09,028,Alina,અલિણા
KHEDA,MAHUDHA,BAGADU,BAGADU,8305,17,317,exact,taluka,KHEDA,16,Mahudha,09,005,Bagadu,બગડુ
KHEDA,MAHUDHA,BALADI,BALADI,8306,46,397,exact,taluka,KHEDA,16,Mahudha,09,036,Baladi,બલાડી
KHEDA,MAHUDHA,BALOL,BALOL,8307,42,305,exact,taluka,KHEDA,16,Mahudha,09,039,Balol,બલોલ
KHEDA,MAHUDHA,BHUMAS,BHUMAS,8308,63,877,exact,taluka,KHEDA,16,Mahudha,09,010,Bhumas,ભુમસ
KHEDA,MAHUDHA,CHUNEL,CHUNEL,8309,128,2354,exact,taluka,KHEDA,16,Mahudha,09,032,Chunel,ચુણેલ
KHEDA,MAHUDHA,DADUSAR,DADUSAR,8310,38,793,exact,taluka,KHEDA,16,Mahudha,09,021,Dadusar,ડડુસર
KHEDA,MAHUDHA,DHANDHODI,DHANDHODI,8311,25,326,exact,taluka,KHEDA,16,Mahudha,09,015,Dhandhodi,ધંધોડી
KHEDA,MAHUDHA,FALOLI,FALOLI,8312,24,227,exact,taluka,KHEDA,16,Mahudha,09,019,Faloli,ફલોલી
KHEDA,MAHUDHA,FINAV,FINAV,8313,63,688,exact,taluka,KHEDA,16,Mahudha,09,014,Finav,ફિણાવ
KHEDA,MAHUDHA,HAZATIYA,HAZATIYA,8314,32,464,exact,taluka,KHEDA,16,Mahudha,09,003,Hazatiya,હજાતિયા
KHEDA,MAHUDHA,HERANJ,HERANJ,8315,102,2837,exact,taluka,KHEDA,16,Mahudha,09,035,Heranj,હેરંજ
KHEDA,MAHUDHA,KADI,KADI,8316,32,582,exact,taluka,KHEDA,16,Mahudha,09,027,Kadi,કડી
KHEDA,MAHUDHA,KAIYAJ,KAIYAJ,8317,34,306,exact,taluka,KHEDA,16,Mahudha,09,040,Kaiyaj,કૈયજ
KHEDA,MAHUDHA,KAPRUPUR,KAPRUPUR,8318,19,662,exact,taluka,KHEDA,16,Mahudha,09,025,Kaprupur,કપરૂપુર
KHEDA,MAHUDHA,KHALADI,KHALADI,8319,28,670,exact,taluka,KHEDA,16,Mahudha,09,037,Khaladi,ખલાડી
KHEDA,MAHUDHA,KHANDIVAV,KHANDIVAV,8320,3,192,exact,taluka,KHEDA,16,Mahudha,09,016,Khandivav,ખાંડિવાવ
KHEDA,MAHUDHA,KHURDABAD,KHURDABAD,8321,10,52,exact,taluka,KHEDA,16,Mahudha,09,020,Khurdabad,ખુર્દાબાદ
KHEDA,MAHUDHA,KHUTAJ,KHUTAJ,8322,54,680,exact,taluka,KHEDA,16,Mahudha,09,004,Khutaj,ખુંટજ
KHEDA,MAHUDHA,MAHISA,MAHISA,8323,117,4800,exact,taluka,KHEDA,16,Mahudha,09,029,Mahisa,મહિસા
KHEDA,MAHUDHA,MANGALPUR,MANGALPUR,8324,38,433,exact,taluka,KHEDA,16,Mahudha,09,001,Mangalpur,મંગલપુર
KHEDA,MAHUDHA,MEHMADAVADNA MUVADA,MEHMADAVADNAMUVADA,8325,40,413,exact,taluka,KHEDA,16,Mahudha,09,022,Mehmadavadna Muvada,મહેમદાવાદના મુવાડા
KHEDA,MAHUDHA,MINAVADA,MINAVADA,8326,47,544,exact,taluka,KHEDA,16,Mahudha,09,018,Minavada,મીનાવાડા
KHEDA,MAHUDHA,MIRZAPUR,MIRZAPUR,8327,37,145,exact,taluka,KHEDA,16,Mahudha,09,041,Mirzapur,મિરઝાપુર
KHEDA,MAHUDHA,MOTI KHADOL,MOTIKHADOL,8328,36,361,exact,taluka,KHEDA,16,Mahudha,09,012,Moti Khadol,મોટી ખડોલ
KHEDA,MAHUDHA,MULAJ,MULAJ,8329,47,343,exact,taluka,KHEDA,16,Mahudha,09,007,Mulaj,મુળજ
KHEDA,MAHUDHA,NAGWAL,NAGWAL,8330,16,2194,exact,taluka,KHEDA,16,Mahudha,09,034,Nagwal,નગવાલ
KHEDA,MAHUDHA,NANDGAM,NANDGAM,8331,47,822,exact,taluka,KHEDA,16,Mahudha,09,011,Nandgam,નંદગામ
KHEDA,MAHUDHA,NANI KHADOL,NANIKHADOL,8332,43,806,exact,taluka,KHEDA,16,Mahudha,09,013,Nani Khadol,નાની ખડોલ
KHEDA,MAHUDHA,NIZAMPUR,NIZAMPUR,8333,24,502,exact,taluka,KHEDA,16,Mahudha,09,030,Nizampur,નિઝામપુર
KHEDA,MAHUDHA,PORDA,PORDA,8334,6,294,exact,taluka,KHEDA,16,Mahudha,09,026,Porda,પોરડા
KHEDA,MAHUDHA,RUPPURA,RUPPURA,8335,26,573,exact,taluka,KHEDA,16,Mahudha,09,031,Ruppura,રૂપપુરા
KHEDA,MAHUDHA,SANALI,SANALI,8336,33,375,exact,taluka,KHEDA,16,Mahudha,09,042,Sanali,સણાલી
KHEDA,MAHUDHA,SAPLA,SAPLA,8337,39,563,exact,taluka,KHEDA,16,Mahudha,09,006,sapla,સાપલા
KHEDA,MAHUDHA,SASTAPUR,SASTAPUR,8338,22,383,exact,taluka,KHEDA,16,Mahudha,09,038,Sastapur,સાસ્તાપુર
KHEDA,MAHUDHA,SHERI,SHERI,8339,18,643,exact,taluka,KHEDA,16,Mahudha,09,033,Sheri,શેરી
KHEDA,MAHUDHA,SINGALI,SINGALI,8340,34,342,exact,taluka,KHEDA,16,Mahudha,09,002,Singali,સિંગાલી
KHEDA,MAHUDHA,TORANIYA,TORANIYA,8341,38,321,exact,taluka,KHEDA,16,Mahudha,09,009,Toraniya,તોરણિયા
KHEDA,MAHUDHA,UNDARA,UNDARA,8342,79,818,exact,taluka,KHEDA,16,Mahudha,09,008,Undara,ઉંદરા
KHEDA,MAHUDHA,VADTHAL,VADTHAL,8343,70,1752,exact,taluka,KHEDA,16,Mahudha,09,017,Vadthal,વડથલ
KHEDA,MAHUDHA,VASNA,VASNA,8344,45,670,exact,taluka,KHEDA,16,Mahudha,09,023,Vasna,વાસણા
KHEDA,MATAR,ALINDRA,ALINDRA,8345,43,1932,exact,successor,KHEDA,16,Vaso,12,044,Alindra,અલિન્દ્રા
KHEDA,MATAR,ANTROLI,ANTROLI,8346,16,1745,exact,taluka,KHEDA,16,Matar,07,027,Antroli,આંત્રોલી
KHEDA,MATAR,ASAMALI,ASAMALI,8347,45,950,exact,taluka,KHEDA,16,Matar,07,054,Asamali,અસામલી
KHEDA,MATAR,ASLALI,ASLALI,8348,41,532,exact,taluka,KHEDA,16,Matar,07,049,Aslali,અસલાલી
KHEDA,MATAR,BAMANGAM,BAMANGAM,8349,77,1187,exact,taluka,KHEDA,16,Matar,07,080,Bamangam,બામણગામ
KHEDA,MATAR,BARODA,BARODA,8350,10,595,exact,taluka,KHEDA,16,Matar,07,052,Baroda,બરોડા
KHEDA,MATAR,BHALADA,BHALADA,8351,45,1640,exact,taluka,KHEDA,16,Matar,07,073,Bhalada,ભલાડા
KHEDA,MATAR,CHANOR,CHANOR,8352,17,443,exact,taluka,KHEDA,16,Matar,07,067,Chanor,ચાનોર
KHEDA,MATAR,DALOLI,DALOLI,8353,17,581,exact,taluka,KHEDA,16,Matar,07,078,Daloli,દલોલી
KHEDA,MATAR,DETHLI,DETHLI,8354,33,2199,exact,taluka,KHEDA,16,Matar,07,071,Dethli,દેથલી
KHEDA,MATAR,GARMALA,GARMALA,8355,19,1028,exact,taluka,KHEDA,16,Matar,07,041,Garmala,ગરમાલા
KHEDA,MATAR,HADEVA,HADEVA,8356,9,307,exact,taluka,KHEDA,16,Matar,07,076,Hadeva,હાડેવા
KHEDA,MATAR,HAIJARABAD,HAIJARABAD,8357,5,1970,exact,taluka,KHEDA,16,Matar,07,028,Haijarabad,હૈજરાબાદ
KHEDA,MATAR,HERANJ,HERANJ,8358,11,616,exact,successor,KHEDA,16,Vaso,12,047,Heranj,હેરંજ
KHEDA,MATAR,INDARVARNA,INDARVARNA,8359,3,497,exact,taluka,KHEDA,16,Matar,07,075,Indarvarna,ઈન્દ્રવર્ણા
KHEDA,MATAR,KATHODA,KATHODA,8360,9,691,exact,taluka,KHEDA,16,Matar,07,058,Kathoda,કઠોડા
KHEDA,MATAR,KHADIYARPURA,KHADIYARPURA,8361,20,259,exact,taluka,KHEDA,16,Matar,07,042,Khadiyarpura,ખડિયારાપુરા
KHEDA,MATAR,KHANDHLI,KHANDHLI,8362,28,1489,exact,successor,KHEDA,16,Vaso,12,059,Khandhli,ખાંધલી
KHEDA,MATAR,KHARENTI,KHARENTI,8363,4,1064,exact,taluka,KHEDA,16,Matar,07,056,Kharenti,ખરેટી
KHEDA,MATAR,KOSHIYAL,KOSHIYAL,8364,24,696,exact,taluka,KHEDA,16,Matar,07,034,Koshiyal,કોશિયલ
KHEDA,MATAR,KUNJARA,KUNJARA,8365,25,176,exact,taluka,KHEDA,16,Matar,07,051,Kunjara,કુંજરા
KHEDA,MATAR,LAVAL,LAVAL,8366,9,1878,exact,successor,KHEDA,16,Vaso,12,060,Laval,લવાલ
KHEDA,MATAR,LIMBASI,LIMBASI,8367,172,2953,exact,taluka,KHEDA,16,Matar,07,064,Limbasi,લિંબાસી
KHEDA,MATAR,MACHHIEL,MACHHIEL,8368,9,1348,exact,taluka,KHEDA,16,Matar,07,048,Machhiel,માછીયેલ
KHEDA,MATAR,MAHELAJ,MAHELAJ,8369,5,1475,exact,taluka,KHEDA,16,Matar,07,039,Mahelaj,મહેલજ
KHEDA,MATAR,MALAVADA,MALAVADA,8370,55,1002,exact,taluka,KHEDA,16,Matar,07,070,Malavada,માલાવાડા
KHEDA,MATAR,MALIYATAJ,MALIYATAJ,8371,3,943,exact,successor,KHEDA,16,Vaso,12,046,Maliyataj,મલીયાતજ
KHEDA,MATAR,MARALA,MARALA,8372,21,236,exact,taluka,KHEDA,16,Matar,07,063,Marala,મરાલા
KHEDA,MATAR,MATAR,MATAR,8373,131,1556,exact,taluka,KHEDA,16,Matar,07,032,Matar,માતર
KHEDA,MATAR,MEHMEDABAD,MEHMEDABAD,8374,2,291,exact,taluka,KHEDA,16,Matar,07,065,Mehmedabad,મહેમદાવાદ
KHEDA,MATAR,NADHANPUR,NADHANPUR,8375,8,830,exact,taluka,KHEDA,16,Matar,07,055,Nadhanpur,નધાનપુર
KHEDA,MATAR,NAGRAMA,NAGRAMA,8376,34,302,exact,taluka,KHEDA,16,Matar,07,062,Nagrama,નગરામા
KHEDA,MATAR,NANDOLI,NANDOLI,8377,34,421,exact,taluka,KHEDA,16,Matar,07,061,Nandoli,નાંદોલી
KHEDA,MATAR,PALLA,PALLA,8378,9,189,exact,taluka,KHEDA,16,Matar,07,053,Palla,પાલ્લા
KHEDA,MATAR,PARIYEJ,PARIYEJ,8379,31,3640,exact,taluka,KHEDA,16,Matar,07,081,Pariyej,પરીયેજ
KHEDA,MATAR,PIPARIYA,PIPARIYA,8380,7,529,exact,taluka,KHEDA,16,Matar,07,033,Pipariya,પીપરીયા
KHEDA,MATAR,PUNAJ,PUNAJ,8381,53,536,exact,taluka,KHEDA,16,Matar,07,050,Punaj,પુનાજ
KHEDA,MATAR,RADHVANAJ,RADHVANAJ,8382,17,813,exact,taluka,KHEDA,16,Matar,07,030,Radhvanaj,રઘવાણજ
KHEDA,MATAR,RANASAR,RANASAR,8383,25,343,exact,taluka,KHEDA,16,Matar,07,069,Ranasar,રણાસર
KHEDA,MATAR,RATANPUR,RATANPUR,8384,24,910,exact,taluka,KHEDA,16,Matar,07,026,Ratanpur,રતનપુર
KHEDA,MATAR,SANDHANA,SANDHANA,8385,9,2296,exact,taluka,KHEDA,16,Matar,07,029,Sandhana,સંધાણા
KHEDA,MATAR,SAYLA,SAYLA,8386,2,284,exact,taluka,KHEDA,16,Matar,07,074,Sayla,સાયલા
KHEDA,MATAR,SHEKHUPUR,SHEKHUPUR,8387,11,467,exact,taluka,KHEDA,16,Matar,07,068,Shekhupur,શેખુપુર
KHEDA,MATAR,SIHOLDI,SIHOLDI,8388,9,617,exact,successor,KHEDA,16,Vaso,12,045,Siholdi,સીહોલડી
KHEDA,MATAR,SINJIWADA,SINJIWADA,8389,20,1166,exact,taluka,KHEDA,16,Matar,07,082,Sinjiwada,સીંજીવાડા
KHEDA,MATAR,SOKHDA,SOKHDA,8390,32,939,exact,taluka,KHEDA,16,Matar,07,024,Sokhda,સોખડા
KHEDA,MATAR,TRAJ,TRAJ,8391,28,2510,exact,taluka,KHEDA,16,Matar,07,040,Traj,ત્રાજ
KHEDA,MATAR,TRANJA,TRANJA,8392,71,1150,exact,taluka,KHEDA,16,Matar,07,057,Tranja,ત્રાણજા
KHEDA,MATAR,UNDHELA,UNDHELA,8393,19,1095,exact,taluka,KHEDA,16,Matar,07,031,Undhela,ઉંઢેલા
KHEDA,MATAR,UNTAI,UNTAI,8394,3,394,exact,taluka,KHEDA,16,Matar,07,043,Untai,ઉંટઈ
KHEDA,MATAR,VALOTRI,VALOTRI,8395,8,270,exact,taluka,KHEDA,16,Matar,07,077,Valotri,વાલોત્રી
KHEDA,MATAR,VANSAR,VANSAR,8396,22,888,exact,taluka,KHEDA,16,Matar,07,025,Vansar,વણસર
KHEDA,MATAR,VASAI,VASAI,8397,23,515,exact,taluka,KHEDA,16,Matar,07,072,Vasai,વસઈ
KHEDA,MATAR,VASTANA,VASTANA,8398,9,996,exact,taluka,KHEDA,16,Matar,07,066,Vastana,વસ્તાણા
KHEDA,MATAR,VIROJA,VIROJA,8399,34,361,exact,taluka,KHEDA,16,Matar,07,079,Viroja,વિરોજા
KHEDA,MEHMEDABAD,AJABPURA,AJABPURA,8400,5,89,exact,taluka,KHEDA,16,Mehmedabad,05,029,Ajabpura,અજબપુરા
KHEDA,MEHMEDABAD,AKLACHA,AKLACHA,8401,60,460,exact,taluka,KHEDA,16,Mehmedabad,05,053,Aklacha,અકલાચા
KHEDA,MEHMEDABAD,AMSARAN,AMSARAN,8402,56,688,exact,taluka,KHEDA,16,Mehmedabad,05,005,Amsaran,આમસરણ
KHEDA,MEHMEDABAD,ARERI,ARERI,8403,14,445,exact,taluka,KHEDA,16,Mehmedabad,05,049,Areri,અરેરી
KHEDA,MEHMEDABAD,BARMUVADA,BARMUVADA,8404,34,2016,exact,taluka,KHEDA,16,Mehmedabad,05,015,Barmuvada,બાર મુવાડા
KHEDA,MEHMEDABAD,BAVRA,BAVRA,8405,38,984,exact,taluka,KHEDA,16,Mehmedabad,05,071,Bavra,બાવરા
KHEDA,MEHMEDABAD,CHARAN NA MUVADA,CHARANNAMUVADA,8406,7,99,exact,taluka,KHEDA,16,Mehmedabad,05,030,Charan Na Muvada,સ્ટે.ચારણ ના મુવાડા
KHEDA,MEHMEDABAD,CHARAN NA MUVADA (IN,CHARANNAMUVADAIN,8407,13,137,exact,taluka,KHEDA,16,Mehmedabad,05,032,Charan Na Muvada (In,ઈ.ચારણના મુવાડા
KHEDA,MEHMEDABAD,CHHAPRA,CHHAPRA,8408,64,778,exact,taluka,KHEDA,16,Mehmedabad,05,063,Chhapra,છાપરા
KHEDA,MEHMEDABAD,DAJIPURA,DAJIPURA,8409,13,445,exact,taluka,KHEDA,16,Mehmedabad,05,009,Dajipura,દાજીપુરા
KHEDA,MEHMEDABAD,DEVKI VANSOL,DEVKIVANSOL,8410,22,1618,exact,taluka,KHEDA,16,Mehmedabad,05,060,Devki Vansol,દેવકી વણસોલ
KHEDA,MEHMEDABAD,GADVA,GADVA,8411,13,404,exact,taluka,KHEDA,16,Mehmedabad,05,073,Gadva,ગાડવા
KHEDA,MEHMEDABAD,GHODALI,GHODALI,8412,21,429,exact,taluka,KHEDA,16,Mehmedabad,05,036,Ghodali,ઘોડાલી
KHEDA,MEHMEDABAD,GHODASAR,GHODASAR,8413,58,891,exact,taluka,KHEDA,16,Mehmedabad,05,031,Ghodasar,ઘોડાસર
KHEDA,MEHMEDABAD,GOKALPURA,GOKALPURA,8414,22,211,exact,taluka,KHEDA,16,Mehmedabad,05,017,Gokalpura,ગોકળપુરા
KHEDA,MEHMEDABAD,GOTHAJ,GOTHAJ,8415,12,904,exact,taluka,KHEDA,16,Mehmedabad,05,072,Gothaj,ગોઠાજ
KHEDA,MEHMEDABAD,HALDARVAS,HALDARVAS,8416,41,1636,exact,taluka,KHEDA,16,Mehmedabad,05,018,Haldarvas,હલદરવાસ
KHEDA,MEHMEDABAD,HATHNOLI,HATHNOLI,8417,9,424,exact,taluka,KHEDA,16,Mehmedabad,05,014,Hathnoli,હાથનોલી
KHEDA,MEHMEDABAD,IAWA,IAWA,8418,15,322,exact,taluka,KHEDA,16,Mehmedabad,05,069,Iawa,ઇયાવા
KHEDA,MEHMEDABAD,JALAMPURA,JALAMPURA,8419,3,93,exact,taluka,KHEDA,16,Mehmedabad,05,010,Jalampura,જાલમપુરા
KHEDA,MEHMEDABAD,JALIYA,JALIYA,8420,21,1021,exact,taluka,KHEDA,16,Mehmedabad,05,025,Jaliya,જાળીયા
KHEDA,MEHMEDABAD,JINJAR,JINJAR,8421,12,545,exact,taluka,KHEDA,16,Mehmedabad,05,008,Jinjar,જીંજર
KHEDA,MEHMEDABAD,KACHHAI,KACHHAI,8422,40,927,exact,taluka,KHEDA,16,Mehmedabad,05,061,Kachhai,કાચ્છઈ
KHEDA,MEHMEDABAD,KANIJ,KANIJ,8423,92,3426,exact,taluka,KHEDA,16,Mehmedabad,05,004,Kanij,કનીજ
KHEDA,MEHMEDABAD,KAROLI,KAROLI,8424,26,676,exact,taluka,KHEDA,16,Mehmedabad,05,027,karoli,કરોલી
KHEDA,MEHMEDABAD,KATAKPURA,KATAKPURA,8425,18,377,exact,taluka,KHEDA,16,Mehmedabad,05,062,Katakpura,કતકપુરા
KHEDA,MEHMEDABAD,KESRA,KESRA,8426,22,1092,exact,taluka,KHEDA,16,Mehmedabad,05,051,Kesra,કેસરા
KHEDA,MEHMEDABAD,KHAMBHALI,KHAMBHALI,8427,25,448,exact,taluka,KHEDA,16,Mehmedabad,05,075,Khambhali,ખંભાલી
KHEDA,MEHMEDABAD,KHATRAJ,KHATRAJ,8428,51,774,exact,taluka,KHEDA,16,Mehmedabad,05,048,Khatraj,ખાત્રજ
KHEDA,MEHMEDABAD,KOTHIPURA,KOTHIPURA,8429,26,543,exact,taluka,KHEDA,16,Mehmedabad,05,019,Kothipura,કોઠીપુરા
KHEDA,MEHMEDABAD,KUNA,KUNA,8430,31,560,exact,taluka,KHEDA,16,Mehmedabad,05,033,Kuna,કુણા
KHEDA,MEHMEDABAD,MALTAJ,MALTAJ,8431,22,508,exact,taluka,KHEDA,16,Mehmedabad,05,040,maltaj,મલાતજ
KHEDA,MEHMEDABAD,MANKWA,MANKWA,8432,37,1592,exact,taluka,KHEDA,16,Mehmedabad,05,035,Mankwa,માંકવા
KHEDA,MEHMEDABAD,MODAJ,MODAJ,8433,29,1903,exact,taluka,KHEDA,16,Mehmedabad,05,034,Modaj,મોદજ
KHEDA,MEHMEDABAD,MOTI ADBOLI,MOTIADBOLI,8434,17,502,exact,taluka,KHEDA,16,Mehmedabad,05,020,Moti Adboli,મોટી અડબોલી
KHEDA,MEHMEDABAD,MOTI TIMBLI,MOTITIMBLI,8435,12,218,exact,taluka,KHEDA,16,Mehmedabad,05,012,Moti Timbli,મોટી ટીંબલી
KHEDA,MEHMEDABAD,NANI ADBOLI,NANIADBOLI,8436,25,503,exact,taluka,KHEDA,16,Mehmedabad,05,022,Nani Adboli,નાની અડબોલી
KHEDA,MEHMEDABAD,NANI TIMBALI,NANITIMBALI,8437,3,64,exact,taluka,KHEDA,16,Mehmedabad,05,013,Nani Timbali,નાની ટીંબલી
KHEDA,MEHMEDABAD,NAVAGAM (DOLPURA),NAVAGAMDOLPURA,8438,3,712,exact,taluka,KHEDA,16,Mehmedabad,05,057,Navagam (Dolpura),નવાગામ (દોલાપુરા)
KHEDA,MEHMEDABAD,NAVCHETAN,NAVCHETAN,8439,3,265,exact,taluka,KHEDA,16,Mehmedabad,05,055,Navchetan,નવચેતન
KHEDA,MEHMEDABAD,NENPUR,NENPUR,8440,26,1447,exact,taluka,KHEDA,16,Mehmedabad,05,039,Nenpur,નૈનપુર
KHEDA,MEHMEDABAD,PAHAD,PAHAD,8441,5,152,exact,taluka,KHEDA,16,Mehmedabad,05,047,Pahad,પહાડ
KHEDA,MEHMEDABAD,PAHADIYA,PAHADIYA,8442,17,209,exact,taluka,KHEDA,16,Mehmedabad,05,021,Pahadiya,પહાડીયા
KHEDA,MEHMEDABAD,RASKA,RASKA,8443,80,756,exact,taluka,KHEDA,16,Mehmedabad,05,006,Raska,રાસ્કા
KHEDA,MEHMEDABAD,RATANPURA,RATANPURA,8444,1,61,exact,taluka,KHEDA,16,Mehmedabad,05,023,Ratanpura,રતનપુરા
KHEDA,MEHMEDABAD,RINCHHOL,RINCHHOL,8445,18,959,exact,taluka,KHEDA,16,Mehmedabad,05,052,Rinchhol,રીંછોલ
KHEDA,MEHMEDABAD,ROSHISA,ROSHISA,8446,28,464,exact,taluka,KHEDA,16,Mehmedabad,05,007,Roshisa,રોહિસ્સા
KHEDA,MEHMEDABAD,RUDAN,RUDAN,8447,10,1213,exact,taluka,KHEDA,16,Mehmedabad,05,026,Rudan,રુદણ
KHEDA,MEHMEDABAD,SADRA,SADRA,8448,11,803,exact,taluka,KHEDA,16,Mehmedabad,05,045,Sadra,સાદરા
KHEDA,MEHMEDABAD,SAMASPUR,SAMASPUR,8449,9,965,exact,taluka,KHEDA,16,Mehmedabad,05,074,Samaspur,સમસપુર
KHEDA,MEHMEDABAD,SANSOLI,SANSOLI,8450,55,351,exact,taluka,KHEDA,16,Mehmedabad,05,038,Sansoli,સણસોલી
KHEDA,MEHMEDABAD,SARSAVANI,SARSAVANI,8451,14,715,exact,taluka,KHEDA,16,Mehmedabad,05,024,Sarsavani,સરસવણી
KHEDA,MEHMEDABAD,SHATRUNDA,SHATRUNDA,8452,26,415,exact,taluka,KHEDA,16,Mehmedabad,05,028,Shatrunda,શંત્રુડા
KHEDA,MEHMEDABAD,SIHUNJ,SIHUNJ,8453,82,2976,exact,taluka,KHEDA,16,Mehmedabad,05,056,Sihunj,સિહુંજ
KHEDA,MEHMEDABAD,SOJALI,SOJALI,8454,22,161,exact,taluka,KHEDA,16,Mehmedabad,05,037,Sojali,સોજાલી
KHEDA,MEHMEDABAD,SUNDHA,SUNDHA,8455,9,325,exact,taluka,KHEDA,16,Mehmedabad,05,077,Sundha,સુંઢા
KHEDA,MEHMEDABAD,SURAJPURA,SURAJPURA,8456,6,57,exact,taluka,KHEDA,16,Mehmedabad,05,011,Surajpura,સુરજપુરા
KHEDA,MEHMEDABAD,UMEDPURA,UMEDPURA,8457,4,168,exact,taluka,KHEDA,16,Mehmedabad,05,016,Umedpura,ઉમેદપુરા
KHEDA,MEHMEDABAD,VADADLA,VADADLA,8458,5,281,exact,taluka,KHEDA,16,Mehmedabad,05,046,Vadadla,વડદલા
KHEDA,MEHMEDABAD,VAMALI,VAMALI,8459,7,365,exact,taluka,KHEDA,16,Mehmedabad,05,059,Vamali,વમાલી
KHEDA,MEHMEDABAD,VANSOL SUNDHA,VANSOLSUNDHA,8460,17,1423,exact,taluka,KHEDA,16,Mehmedabad,05,058,Vansol Sundha,વણસોલ-સુંઢા
KHEDA,MEHMEDABAD,VANSOLI,VANSOLI,8461,7,311,exact,taluka,KHEDA,16,Mehmedabad,05,054,Vansoli,વણસોલી
KHEDA,MEHMEDABAD,VARSOLA,VARSOLA,8462,105,927,exact,taluka,KHEDA,16,Mehmedabad,05,076,Varsola,વરસોલા
KHEDA,MEHMEDABAD,VIROL,VIROL,8463,53,810,exact,taluka,KHEDA,16,Mehmedabad,05,064,Virol,વિરોલ
KHEDA,MEHMEDABAD,WANTHVALI,WANTHVALI,8464,34,2176,exact,taluka,KHEDA,16,Mehmedabad,05,050,Wanthvali,વાંઠવાળી
KHEDA,NADIAD,AKHDOL,AKHDOL,8465,53,1394,exact,taluka,KHEDA,16,Nadiad,08,096,Akhdol,આખડોલ
KHEDA,NADIAD,ALINDRA,ALINDRA,8466,63,820,exact,taluka,KHEDA,16,Nadiad,08,073,Alindra,અલિન્દ્રા
KHEDA,NADIAD,ALJADA,ALJADA,8467,6,257,exact,taluka,KHEDA,16,Nadiad,08,062,Aljada,આલાજડા
KHEDA,NADIAD,ANDHAJ,ANDHAJ,8468,28,984,exact,taluka,KHEDA,16,Nadiad,08,046,Andhaj,અંધજ
KHEDA,NADIAD,ARAJANPUR KOT,ARAJANPURKOT,8469,18,155,exact,taluka,KHEDA,16,Nadiad,08,042,Arajanpur Kot,અરજનપુર કોટ
KHEDA,NADIAD,ARERA,ARERA,8470,36,1241,exact,taluka,KHEDA,16,Nadiad,08,047,Arera,અરેરા
KHEDA,NADIAD,BAMROLI,BAMROLI,8471,15,3571,exact,successor,KHEDA,16,Vaso,12,084,Bamroli,બામરોલી
KHEDA,NADIAD,BHUMEL,BHUMEL,8472,15,666,exact,taluka,KHEDA,16,Nadiad,08,093,Bhumel,ભુમેલ
KHEDA,NADIAD,BILODRA,BILODRA,8473,50,694,exact,taluka,KHEDA,16,Nadiad,08,060,Bilodra,બીલોદરા
KHEDA,NADIAD,CHALALI,CHALALI,8474,28,1500,exact,taluka,KHEDA,16,Nadiad,08,075,Chalali,ચલાલી
KHEDA,NADIAD,DABHAN,DABHAN,8475,76,1299,exact,taluka,KHEDA,16,Nadiad,08,069,Dabhan,ડભાણ
KHEDA,NADIAD,DANTALI,DANTALI,8476,67,557,exact,successor,KHEDA,16,Vaso,12,068,Dantali,દંતાલી
KHEDA,NADIAD,DAVDA,DAVDA,8477,1,639,exact,taluka,KHEDA,16,Nadiad,08,083,Davda,દાવડા
KHEDA,NADIAD,DAWAPURA,DAWAPURA,8478,14,487,exact,taluka,KHEDA,16,Nadiad,08,048,Dawapura,દવાપુરા
KHEDA,NADIAD,DEGAM,DEGAM,8479,6,869,exact,taluka,KHEDA,16,Nadiad,08,066,Degam,દેગામ
KHEDA,NADIAD,DUMRAL,DUMRAL,8480,15,495,exact,taluka,KHEDA,16,Nadiad,08,080,Dumral,ડુમરાલ
KHEDA,NADIAD,ERANDIYAPURA,ERANDIYAPURA,8481,5,81,exact,taluka,KHEDA,16,Nadiad,08,049,Erandiyapura,એરંડીયાપુરા
KHEDA,NADIAD,FATEPUR,FATEPUR,8482,16,309,exact,taluka,KHEDA,16,Nadiad,08,078,Fatepur,ફતેપુરા
KHEDA,NADIAD,GANGAPUR,GANGAPUR,8483,29,414,exact,successor,KHEDA,16,Vaso,12,086,Gangapur,ગંગાપુર
KHEDA,NADIAD,GUTAL,GUTAL,8484,49,484,exact,taluka,KHEDA,16,Nadiad,08,090,Gutal,ગુતાલ
KHEDA,NADIAD,HATHAJ,HATHAJ,8485,25,1556,exact,taluka,KHEDA,16,Nadiad,08,051,Hathaj,હાથજ
KHEDA,NADIAD,HATHNOLI,HATHNOLI,8486,23,318,exact,taluka,KHEDA,16,Nadiad,08,065,Hathnoli,હાથનોલી
KHEDA,NADIAD,JAVOL,JAVOL,8487,23,878,exact,taluka,KHEDA,16,Nadiad,08,052,Javol,જાવોલ
KHEDA,NADIAD,KALOLI,KALOLI,8488,24,886,exact,successor,KHEDA,16,Vaso,12,101,Kaloli,કલોલી
KHEDA,NADIAD,KAMLA,KAMLA,8489,54,484,exact,taluka,KHEDA,16,Nadiad,08,063,Kamla,કમળા
KHEDA,NADIAD,KANJODA,KANJODA,8490,48,937,exact,taluka,KHEDA,16,Nadiad,08,077,Kanjoda,કંજોડા
KHEDA,NADIAD,KERIAVI,KERIAVI,8491,13,1469,exact,taluka,KHEDA,16,Nadiad,08,095,Keriavi,કેરીયાવી
KHEDA,NADIAD,MAHOLIL,MAHOLIL,8492,69,1907,exact,taluka,KHEDA,16,Nadiad,08,058,Maholil,મહોળેલ
KHEDA,NADIAD,MANJIPURA,MANJIPURA,8493,21,289,exact,taluka,KHEDA,16,Nadiad,08,061,Manjipura,મંજીપુરા
KHEDA,NADIAD,MARIDA,MARIDA,8494,60,1175,exact,taluka,KHEDA,16,Nadiad,08,070,Marida,મરીડા
KHEDA,NADIAD,MITRAL,MITRAL,8495,30,3212,exact,successor,KHEDA,16,Vaso,12,088,Mitral,મિત્રાલ
KHEDA,NADIAD,MONGHROLI,MONGHROLI,8496,11,1132,exact,taluka,KHEDA,16,Nadiad,08,074,Monghroli,માંઘરોલી
KHEDA,NADIAD,NANAVAGA,NANAVAGA,8497,12,204,exact,taluka,KHEDA,16,Nadiad,08,053,Nana Vaga,નાના વગા
KHEDA,NADIAD,NARSANDA,NARSANDA,8498,18,1849,exact,taluka,KHEDA,16,Nadiad,08,094,Narsanda,નરસંડા
KHEDA,NADIAD,PALAIYA,PALAIYA,8499,26,570,exact,taluka,KHEDA,16,Nadiad,08,059,Palaiya,પાલૈયા
KHEDA,NADIAD,PALANA,PALANA,8500,63,1963,exact,successor,KHEDA,16,Vaso,12,085,Palana,પલાણા
KHEDA,NADIAD,PALDI,PALDI,8501,25,549,exact,taluka,KHEDA,16,Nadiad,08,054,Paldi,પાલડી
KHEDA,NADIAD,PIJ,PIJ,8502,34,2496,exact,successor,KHEDA,16,Vaso,12,082,Pij,પીજ
KHEDA,NADIAD,PIPLAJ,PIPLAJ,8503,11,1928,exact,taluka,KHEDA,16,Nadiad,08,079,Piplaj,પીપલગ
KHEDA,NADIAD,PIPLATA,PIPLATA,8504,10,1838,exact,taluka,KHEDA,16,Nadiad,08,089,Piplata,પીપળાતા
KHEDA,NADIAD,RAJNAGAR,RAJNAGAR,8505,7,515,exact,taluka,KHEDA,16,Nadiad,08,099,Rajnagar,રાજનગર
KHEDA,NADIAD,RAMPURA,RAMPURA,8506,23,616,exact,successor,KHEDA,16,Vaso,12,087,Rampura,રામપુરા
KHEDA,NADIAD,SALUN TALPAD,SALUNTALPAD,8507,42,1550,exact,taluka,KHEDA,16,Nadiad,08,072,Salun Talpad,સલુણ તડપદ
KHEDA,NADIAD,SALUN VANTO,SALUNVANTO,8508,33,729,exact,taluka,KHEDA,16,Nadiad,08,071,Salun Vanto,સલુણ વાંટો
KHEDA,NADIAD,SILOD,SILOD,8509,47,835,exact,taluka,KHEDA,16,Nadiad,08,064,Silod,સિલોડ
KHEDA,NADIAD,SODPUR,SODPUR,8510,44,2673,exact,taluka,KHEDA,16,Nadiad,08,057,Sodpur,સોડપુર
KHEDA,NADIAD,SURSAMAL,SURSAMAL,8511,32,1493,exact,taluka,KHEDA,16,Nadiad,08,076,Sursamal,સુરા-શામળ
KHEDA,NADIAD,THALEDI,THALEDI,8512,14,282,exact,successor,KHEDA,16,Vaso,12,102,Thaledi,થલાડી
KHEDA,NADIAD,TUNDEL,TUNDEL,8513,41,803,exact,taluka,KHEDA,16,Nadiad,08,081,Tundel,ટુંડેલ
KHEDA,NADIAD,UTTARSANDA,UTTARSANDA,8514,28,1970,exact,taluka,KHEDA,16,Nadiad,08,091,Uttarsanda,ઉતરસંડા
KHEDA,NADIAD,VADTAL,VADTAL,8515,8,1198,exact,taluka,KHEDA,16,Nadiad,08,098,Vadtal,વડ઼તાલ
KHEDA,NADIAD,VALETVA,VALETVA,8516,28,995,exact,taluka,KHEDA,16,Nadiad,08,097,Valetva,વલેટવા
KHEDA,NADIAD,VALLA,VALLA,8517,20,329,exact,taluka,KHEDA,16,Nadiad,08,050,Valla,વાલ્લા
KHEDA,NADIAD,VASO,VASO,8518,92,2259,exact,successor,KHEDA,16,Vaso,12,103,Vaso,વસો
KHEDA,NADIAD,VINA,VINA,8519,54,1111,exact,taluka,KHEDA,16,Nadiad,08,044,Vina,વીણા
KHEDA,NADIAD,YOGI NAGAR,YOGINAGAR,8520,24,283,exact,taluka,KHEDA,16,Nadiad,08,105,Yoginagar,યોગીનગર
KHEDA,NADIAD,ZAROL,ZAROL,8521,7,352,exact,successor,KHEDA,16,Vaso,12,067,Zarol,ઝારોલ
KHEDA,THASRA,AGARWA,AGARWA,8522,10,905,exact,taluka,KHEDA,16,Thasra,10,071,Agarwa,આગરવા
KHEDA,THASRA,AJROLI,AJROLI,8523,6,420,exact,taluka,KHEDA,16,Thasra,10,003,Ajroli,આજરોલી
KHEDA,THASRA,AJUPURA,AJUPURA,8524,57,258,exact,taluka,KHEDA,16,Thasra,10,031,Ajupura,અજુપુરા
KHEDA,THASRA,AKLACHA,AKLACHA,8525,2,170,exact,taluka,KHEDA,16,Thasra,10,083,Aklacha,અકલાચા
KHEDA,THASRA,AMBAV,AMBAV,8526,27,330,exact,successor,KHEDA,16,Galteshwar,11,050,Ambav,અંબાવ
KHEDA,THASRA,AMRUTPURA,AMRUTPURA,8527,6,234,exact,taluka,KHEDA,16,Thasra,10,037,Amrutpura,અમૃતપુરા
KHEDA,THASRA,ANGHADI,ANGHADI,8528,124,2098,exact,successor,KHEDA,16,Galteshwar,11,043,Anghadi,અંગાડી
KHEDA,THASRA,AURANGPURA,AURANGPURA,8529,14,201,exact,taluka,KHEDA,16,Thasra,10,056,Aurangpura,ઔરંગપુરા
KHEDA,THASRA,BADHARPURA,BADHARPURA,8530,12,591,exact,taluka,KHEDA,16,Thasra,10,051,Badharpura,બાધરપુરા
KHEDA,THASRA,BALADHA,BALADHA,8531,45,1026,exact,successor,KHEDA,16,Galteshwar,11,013,Baladha,બલાઢા
KHEDA,THASRA,BHADRASA,BHADRASA,8532,8,791,exact,taluka,KHEDA,16,Thasra,10,089,Bhadrasa,ભદ્રાસા
KHEDA,THASRA,BHARTHARI,BHARTHARI,8533,41,523,exact,taluka,KHEDA,16,Thasra,10,027,Bharthari,ભરથરી
KHEDA,THASRA,BHATPURA NO-1,BHATPURANO1,8534,9,14,exact,taluka,KHEDA,16,Thasra,10,029,Bhatpura No-1,ભાટપુરા નં.૧
KHEDA,THASRA,BHATPURA NO-2,BHATPURANO2,8535,4,43,exact,taluka,KHEDA,16,Thasra,10,030,Bhatpura No-2,ભાટપુરા નં.૨
KHEDA,THASRA,BHATVASNA,BHATVASNA,8536,8,190,exact,unique,KHEDA,16,Fagvel,14,009,Bhatvasna,ભાટવાસણા
KHEDA,THASRA,BORDI,BORDI,8537,71,1126,exact,taluka,KHEDA,16,Thasra,10,061,Bordi,બોરડી
KHEDA,THASRA,CHANDASAR,CHANDASAR,8538,43,112,exact,taluka,KHEDA,16,Thasra,10,038,Chandasar,ચંદાસર
KHEDA,THASRA,CHETARSUMBA,CHETARSUMBA,8539,117,953,exact,taluka,KHEDA,16,Thasra,10,032,Chetarsumba,ચેતરસુંબા
KHEDA,THASRA,CHITLAV,CHITLAV,8540,19,335,exact,taluka,KHEDA,16,Thasra,10,094,Chitlav,ચીતલાવ
KHEDA,THASRA,DABHALI,DABHALI,8541,36,773,exact,successor,KHEDA,16,Galteshwar,11,024,Dabhali,ડભાલી
KHEDA,THASRA,DABHSAR,DABHSAR,8542,5,268,exact,successor,KHEDA,16,Galteshwar,11,042,Dabhsar,ડાભસર
KHEDA,THASRA,DHUNADARA,DHUNADARA,8543,13,3401,exact,taluka,KHEDA,16,Thasra,10,086,Dhunadara,ઢુણાદરા
KHEDA,THASRA,DHUNDI,DHUNDI,8544,10,258,exact,taluka,KHEDA,16,Thasra,10,066,Dhundi,ઢુંડી
KHEDA,THASRA,EKALVELU,EKALVELU,8545,11,638,exact,taluka,KHEDA,16,Thasra,10,058,Ekalvelu,એકલવેલુ
KHEDA,THASRA,GADHVINA MUVADA,GADHVINAMUVADA,8546,8,143,exact,taluka,KHEDA,16,Thasra,10,005,Gadhvina Muvada,ગઢવી ના મુવાડા
KHEDA,THASRA,GOLAJ,GOLAJ,8547,40,842,exact,taluka,KHEDA,16,Thasra,10,040,Golaj,ગોળજ
KHEDA,THASRA,GUMADIYA,GUMADIYA,8548,12,158,exact,taluka,KHEDA,16,Thasra,10,070,Gumadiya,ગુમડીયા
KHEDA,THASRA,HARKHOL,HARKHOL,8549,7,251,exact,taluka,KHEDA,16,Thasra,10,084,Harkhol,હરખોલ
KHEDA,THASRA,JAKHED,JAKHED,8550,18,1034,exact,taluka,KHEDA,16,Thasra,10,079,jakhed,જાખેડ
KHEDA,THASRA,JALANAGAR,JALANAGAR,8551,26,346,exact,taluka,KHEDA,16,Thasra,10,055,jalanagar,જલાનગર
KHEDA,THASRA,JARGAL,JARGAL,8552,21,826,exact,successor,KHEDA,16,Galteshwar,11,021,Jargal,જરગાલ
KHEDA,THASRA,JESAPURA-MITHAPURA,JESAPURAMITHAPURA,8553,24,321,exact,taluka,KHEDA,16,Thasra,10,091,Jesapura-Mithapura,જેસાપુરા-મીઠાપુરા
KHEDA,THASRA,JORAPURA,JORAPURA,8554,8,227,exact,taluka,KHEDA,16,Thasra,10,092,Jorapura,જોરાપુરા
KHEDA,THASRA,KALSAR,KALSAR,8555,9,1026,exact,taluka,KHEDA,16,Thasra,10,080,Kalsar,કાલસર
KHEDA,THASRA,KHAD GODHRA,KHADGODHRA,8556,19,653,exact,unique,KHEDA,16,Fagvel,14,008,Khad Godhra,ખડ ગોધરા
KHEDA,THASRA,KHIJALPUR TALPAD,KHIJALPURTALPAD,8557,5,1146,exact,taluka,KHEDA,16,Thasra,10,075,Khijalpur Talpad,ખીજલપુર તલપદ
KHEDA,THASRA,KHIJALPUR VANTO,KHIJALPURVANTO,8558,9,329,exact,taluka,KHEDA,16,Thasra,10,076,Khijalpur Vanto,ખીજલપુર વાંટો
KHEDA,THASRA,KOSAM,KOSAM,8559,19,303,exact,successor,KHEDA,16,Galteshwar,11,041,Kosam,કોસમ
KHEDA,THASRA,KOTARIYA,KOTARIYA,8560,18,200,exact,taluka,KHEDA,16,Thasra,10,067,Kotariya,કોતરીયા
KHEDA,THASRA,KOTLINDORA,KOTLINDORA,8561,25,426,exact,taluka,KHEDA,16,Thasra,10,090,Kotlindora,કોટલીંડોરા
KHEDA,THASRA,KUNI,KUNI,8562,55,1361,exact,successor,KHEDA,16,Galteshwar,11,017,Kuni,કુણી
KHEDA,THASRA,MAHI ITADI,MAHIITADI,8563,58,743,exact,successor,KHEDA,16,Galteshwar,11,016,Mahi itadi,મહી ઈટાડી
KHEDA,THASRA,MALAI,MALAI,8564,14,125,exact,taluka,KHEDA,16,Thasra,10,073,Malai,મલાઈ
KHEDA,THASRA,MALVAN,MALVAN,8565,22,420,exact,successor,KHEDA,16,Galteshwar,11,047,Malvan,માલવણ
KHEDA,THASRA,MANJIPURA,MANJIPURA,8566,20,571,exact,taluka,KHEDA,16,Thasra,10,088,Manjipura,મંજીપુરા
KHEDA,THASRA,MARGHAKUI,MARGHAKUI,8567,9,221,exact,taluka,KHEDA,16,Thasra,10,081,Marghakui,મરઘાકુઈ
KHEDA,THASRA,MASRA,MASRA,8568,27,685,exact,taluka,KHEDA,16,Thasra,10,074,Masra,માસરા
KHEDA,THASRA,MENPURA,MENPURA,8569,41,727,exact,successor,KHEDA,16,Galteshwar,11,018,Menpura,મેનપુરા
KHEDA,THASRA,MITHANA MUVADA,MITHANAMUVADA,8570,24,352,exact,successor,KHEDA,16,Galteshwar,11,025,Mithana Muvada,મીઠાના મુવાડા
KHEDA,THASRA,MOR AMBLI,MORAMBLI,8571,12,395,exact,taluka,KHEDA,16,Thasra,10,062,Mor Ambli,મોર આંબલી
KHEDA,THASRA,MULIYA,MULIYA,8572,32,1909,fuzzy,taluka,KHEDA,16,Thasra,10,060,Muliyad,મુળીયાદ
KHEDA,THASRA,NANADARA,NANADARA,8573,70,797,exact,taluka,KHEDA,16,Thasra,10,007,Nanadara,નનાદરા
KHEDA,THASRA,NES,NES,8574,18,675,exact,taluka,KHEDA,16,Thasra,10,085,Nes,નેસ
KHEDA,THASRA,OZHARALA,OZHARALA,8575,45,788,exact,taluka,KHEDA,16,Thasra,10,002,Ozharala,ઓઝરાળા
KHEDA,THASRA,PADAL,PADAL,8576,10,544,exact,successor,KHEDA,16,Galteshwar,11,019,Padal,પડાલ
KHEDA,THASRA,PALAIYA,PALAIYA,8577,24,394,exact,successor,KHEDA,16,Galteshwar,11,011,Palaiya,પાલૈયા
KHEDA,THASRA,PALI,PALI,8578,75,1106,exact,successor,KHEDA,16,Galteshwar,11,095,Pali,પાલી
KHEDA,THASRA,PANDVANIA,PANDVANIA,8579,29,835,exact,taluka,KHEDA,16,Thasra,10,087,Pandvania,પાંડવ઼ણીયા
KHEDA,THASRA,PILOL,PILOL,8580,23,327,exact,taluka,KHEDA,16,Thasra,10,059,Pilol,પીલોલ
KHEDA,THASRA,PIPALVADA,PIPALVADA,8581,11,1167,exact,taluka,KHEDA,16,Thasra,10,026,Pipalvada,પીપલ઼વાડા
KHEDA,THASRA,PORDA,PORDA,8582,5,553,exact,taluka,KHEDA,16,Thasra,10,035,Porda,પોરડા
KHEDA,THASRA,RAKHIYAL,RAKHIYAL,8583,56,493,exact,taluka,KHEDA,16,Thasra,10,072,Rakhiyal,રખીયાલ
KHEDA,THASRA,RANI PORDA,RANIPORDA,8584,3,278,exact,taluka,KHEDA,16,Thasra,10,028,Rani Porda,રાણી પોરડા
KHEDA,THASRA,RANIYA,RANIYA,8585,35,673,exact,taluka,KHEDA,16,Thasra,10,093,Raniya,રાણીયા
KHEDA,THASRA,RASULPUR PADAL,RASULPURPADAL,8586,4,412,exact,successor,KHEDA,16,Galteshwar,11,020,Rasulpur Padal,રસુલપુર પડાલ
KHEDA,THASRA,RASULPUR THASRA,RASULPURTHASRA,8587,29,283,exact,taluka,KHEDA,16,Thasra,10,057,Rasulpur Thasra,રસુલપુર ઠાસરા
KHEDA,THASRA,RAWALIYA,RAWALIYA,8588,15,651,exact,taluka,KHEDA,16,Thasra,10,034,Rawaliya,રવાલીયા
KHEDA,THASRA,ROZVA,ROZVA,8589,79,1072,exact,successor,KHEDA,16,Galteshwar,11,014,Rozva,રોઝવા
KHEDA,THASRA,RUSTAMPURA,RUSTAMPURA,8590,39,218,exact,successor,KHEDA,16,Galteshwar,11,048,Rustampura,રુસ્તમપુરા
KHEDA,THASRA,SAIYAT,SAIYAT,8591,55,1067,exact,taluka,KHEDA,16,Thasra,10,036,Saiyat,સૈયાત
KHEDA,THASRA,SALUN,SALUN,8592,45,420,exact,taluka,KHEDA,16,Thasra,10,006,Salun,સલુણ
KHEDA,THASRA,SANADRA,SANADRA,8593,35,912,exact,successor,KHEDA,16,Galteshwar,11,010,Sanadra,સનાદરા
KHEDA,THASRA,SANDHELI,SANDHELI,8594,66,2065,exact,taluka,KHEDA,16,Thasra,10,004,Sandheli,સાંઢેલી
KHEDA,THASRA,SANDHELIYA,SANDHELIYA,8595,22,164,exact,taluka,KHEDA,16,Thasra,10,054,Sandheliya,શાંઢેલીયા
KHEDA,THASRA,SANGOL,SANGOL,8596,43,286,exact,successor,KHEDA,16,Galteshwar,11,045,Sangol,સાંગોલ
KHEDA,THASRA,SARNAL,SARNAL,8597,33,182,exact,successor,KHEDA,16,Galteshwar,11,049,Sarnal,સરનાલ
KHEDA,THASRA,SHAHPURA,SHAHPURA,8598,14,266,exact,taluka,KHEDA,16,Thasra,10,053,Shahpura,શાહપુરા
KHEDA,THASRA,SHAMALPURA,SHAMALPURA,8599,45,253,exact,taluka,KHEDA,16,Thasra,10,001,Shamalpura,શામળપુરા
KHEDA,THASRA,SIMLAJ,SIMLAJ,8600,50,540,exact,taluka,KHEDA,16,Thasra,10,078,Simlaj,સીમલજ
KHEDA,THASRA,SONAIYA,SONAIYA,8601,12,325,exact,successor,KHEDA,16,Galteshwar,11,022,Sonaiya,સોનૈયા
KHEDA,THASRA,SONIPUR,SONIPUR,8602,101,621,exact,successor,KHEDA,16,Galteshwar,11,046,Sonipur,સોનીપુર
KHEDA,THASRA,SUI,SUI,8603,75,724,exact,taluka,KHEDA,16,Thasra,10,064,Sui,સુઈ
KHEDA,THASRA,TIMBANA MUVADA,TIMBANAMUVADA,8604,38,274,exact,successor,KHEDA,16,Galteshwar,11,098,Timbana Muvada,ટીંબાના મુવાડા
KHEDA,THASRA,UDHMATPURA,UDHMATPURA,8605,11,98,exact,taluka,KHEDA,16,Thasra,10,052,Udhmatpura,ઉધમાતપુરા
KHEDA,THASRA,UMBA,UMBA,8606,8,374,exact,taluka,KHEDA,16,Thasra,10,082,Umba,ઉંબા
KHEDA,THASRA,UPLET,UPLET,8607,15,105,exact,taluka,KHEDA,16,Thasra,10,068,Uplet,ઉપલેટ
KHEDA,THASRA,VADAD,VADAD,8608,65,1118,exact,successor,KHEDA,16,Galteshwar,11,023,Vadad,વાડદ
KHEDA,THASRA,VAJEWAL,VAJEWAL,8609,26,340,exact,taluka,KHEDA,16,Thasra,10,039,Vajewal,વજેવાલ
KHEDA,THASRA,VALLAVPURA,VALLAVPURA,8610,19,158,exact,taluka,KHEDA,16,Thasra,10,063,Vallavpura,વલ્લવપુરા
KHEDA,THASRA,VAMALI,VAMALI,8611,2,124,exact,taluka,KHEDA,16,Thasra,10,069,Vamali,વમાલી
KHEDA,THASRA,VANODA,VANODA,8612,76,938,exact,successor,KHEDA,16,Galteshwar,11,015,Vanoda,વનોડા
KHEDA,THASRA,VANOTI,VANOTI,8613,31,901,exact,taluka,KHEDA,16,Thasra,10,065,Vanoti,વણોતી
KHEDA,THASRA,VASO,VASO,8614,20,1006,exact,successor,KHEDA,16,Galteshwar,11,044,Vaso,વસો
KHEDA,THASRA,VINZOL,VINZOL,8615,46,563,exact,taluka,KHEDA,16,Thasra,10,077,vinzol,વીંઝોલ
KHEDA,THASRA,VITHTHAPURA,VITHTHAPURA,8616,27,100,exact,taluka,KHEDA,16,Thasra,10,033,Viththapura,વિઠ્ઠલપુરા
KHEDA,THASRA,WANGHROLI,WANGHROLI,8617,94,1901,exact,successor,KHEDA,16,Galteshwar,11,012,Wanghroli,વાંઘરોલી
KHEDA,VIRPUR,ALAMPURA,ALAMPURA,8618,1,69,exact,taluka,MAHISAGAR,32,Virpur,06,011,Alampura,આલમપુરા
KHEDA,VIRPUR,ASPUR,ASPUR,8619,36,196,exact,taluka,MAHISAGAR,32,Virpur,06,052,Aspur,આસપુર
KHEDA,VIRPUR,ASUNDARIYA,ASUNDARIYA,8620,25,418,exact,taluka,MAHISAGAR,32,Virpur,06,048,Asundariya,આસુંદરીયા
KHEDA,VIRPUR,BAGHARPURA,BAGHARPURA,8621,4,97,exact,taluka,MAHISAGAR,32,Virpur,06,006,Bagharpura,બાઘરપુરા
KHEDA,VIRPUR,BALVAKHANT NA MUVADA,BALVAKHANTNAMUVADA,8622,19,48,exact,taluka,MAHISAGAR,32,Virpur,06,037,balvakhant Na Muvada,બલવાખાંટ઼ના મુવાડા
KHEDA,VIRPUR,BAR,BAR,8623,50,1802,exact,taluka,MAHISAGAR,32,Virpur,06,049,Bar,બાર
KHEDA,VIRPUR,BARODA,BARODA,8624,30,387,exact,taluka,MAHISAGAR,32,Virpur,06,017,Baroda,બારોડા
KHEDA,VIRPUR,BHANJINI VAV,BHANJINIVAV,8625,29,223,exact,taluka,MAHISAGAR,32,Virpur,06,043,Bhanjini Vav,ભાણજી ની વાવ
KHEDA,VIRPUR,BHARODI,BHARODI,8626,51,340,exact,taluka,MAHISAGAR,32,Virpur,06,016,Bharodi,ભરોડી
KHEDA,VIRPUR,BHATPUR,BHATPUR,8627,37,262,exact,taluka,MAHISAGAR,32,Virpur,06,014,Bhatpur,ભાટપુર
KHEDA,VIRPUR,CHHARVANGI,CHHARVANGI,8628,7,63,exact,taluka,MAHISAGAR,32,Virpur,06,007,Chharvangi,છરવંગી
KHEDA,VIRPUR,CHIKHLI JHOJHA,CHIKHLIJHOJHA,8629,4,76,exact,taluka,MAHISAGAR,32,Virpur,06,002,Chikhli Jhojha,ચીખલી ઝોઝા
KHEDA,VIRPUR,CHORASA,CHORASA,8630,44,726,exact,taluka,MAHISAGAR,32,Virpur,06,023,Chorasa,ચોરસા
KHEDA,VIRPUR,DEBHARI,DEBHARI,8631,98,1256,exact,taluka,MAHISAGAR,32,Virpur,06,005,Debhari,ડેભારી
KHEDA,VIRPUR,DHORAVADA,DHORAVADA,8632,8,76,exact,taluka,MAHISAGAR,32,Virpur,06,027,Dhoravada,ધોરાવાડા
KHEDA,VIRPUR,GADHELI,GADHELI,8633,20,310,exact,taluka,MAHISAGAR,32,Virpur,06,045,Gadheli,ગાંધેલી
KHEDA,VIRPUR,GANDHARI,GANDHARI,8634,46,422,exact,taluka,MAHISAGAR,32,Virpur,06,010,Gandhari,ગંધારી
KHEDA,VIRPUR,GHATDA,GHATDA,8635,31,340,exact,taluka,MAHISAGAR,32,Virpur,06,004,Ghatda,ઘાટડા
KHEDA,VIRPUR,GOMVADI,GOMVADI,8636,9,43,exact,taluka,MAHISAGAR,32,Virpur,06,025,Gomvadi,ગોમવાડી
KHEDA,VIRPUR,GOPALPURA,GOPALPURA,8637,29,124,exact,taluka,MAHISAGAR,32,Virpur,06,030,Gopalpura,ગોપાલપુરા
KHEDA,VIRPUR,HANDIYA (VIRPUR),HANDIYAVIRPUR,8638,10,292,exact,taluka,MAHISAGAR,32,Virpur,06,035,Handiya (Virpur),હાંડીયા(વિરપુર)
KHEDA,VIRPUR,JAMALPUR,JAMALPUR,8639,11,112,exact,taluka,MAHISAGAR,32,Virpur,06,028,Jamalpur,જમાલપુર
KHEDA,VIRPUR,JAMBUDI,JAMBUDI,8640,6,64,exact,taluka,MAHISAGAR,32,Virpur,06,039,Jambudi,જાંબુડી
KHEDA,VIRPUR,JAVARKHAT NA MUVADA,JAVARKHATNAMUVADA,8641,7,93,exact,taluka,MAHISAGAR,32,Virpur,06,041,Javarkhat Na Muvada,ઝવરખાંટના મુવાડા
KHEDA,VIRPUR,JODHPUR,JODHPUR,8642,33,985,exact,taluka,MAHISAGAR,32,Virpur,06,051,Jodhpur,જોધપુર
KHEDA,VIRPUR,KASLAVATI,KASLAVATI,8643,17,252,exact,taluka,MAHISAGAR,32,Virpur,06,031,Kaslavati,કસલાવટી
KHEDA,VIRPUR,KASUDI,KASUDI,8644,13,224,exact,taluka,MAHISAGAR,32,Virpur,06,019,Kasudi,કાસોડી
KHEDA,VIRPUR,KHAROD,KHAROD,8645,49,669,exact,taluka,MAHISAGAR,32,Virpur,06,038,Kharod,ખરોડ
KHEDA,VIRPUR,KHATA,KHATA,8646,28,385,exact,taluka,MAHISAGAR,32,Virpur,06,003,Khata,ખાટા
KHEDA,VIRPUR,KHEROLI,KHEROLI,8647,51,487,exact,taluka,MAHISAGAR,32,Virpur,06,033,Kheroli,ખેરોલી
KHEDA,VIRPUR,KOYDAM,KOYDAM,8648,39,906,exact,taluka,MAHISAGAR,32,Virpur,06,013,Koydam,કોયડમ
KHEDA,VIRPUR,KOYLA,KOYLA,8649,32,397,exact,taluka,MAHISAGAR,32,Virpur,06,008,Koyla,કોયલા
KHEDA,VIRPUR,KUMBHARVADI,KUMBHARVADI,8650,43,563,exact,taluka,MAHISAGAR,32,Virpur,06,018,Kumbharvadi,કુંભરવાડી
KHEDA,VIRPUR,LIMBARVADA,LIMBARVADA,8651,50,2381,exact,taluka,MAHISAGAR,32,Virpur,06,034,Limbarvada,લીંબરવાડા
KHEDA,VIRPUR,NASROLI,NASROLI,8652,28,211,exact,taluka,MAHISAGAR,32,Virpur,06,032,Nasroli,નાસરોલી
KHEDA,VIRPUR,PANSRODA,PANSRODA,8653,20,354,exact,taluka,MAHISAGAR,32,Virpur,06,040,Pansroda,પાંસરોડા
KHEDA,VIRPUR,PANTA,PANTA,8654,9,162,exact,taluka,MAHISAGAR,32,Virpur,06,044,Panta,પાંટા
KHEDA,VIRPUR,RAJENA,RAJENA,8655,14,137,exact,taluka,MAHISAGAR,32,Virpur,06,026,Rajena,રાજેણા
KHEDA,VIRPUR,RAJPUR (VIRPUR),RAJPURVIRPUR,8656,27,224,exact,taluka,MAHISAGAR,32,Virpur,06,020,Rajpur (Virpur),રાજપુર(વિરપુર)
KHEDA,VIRPUR,RALIYATA (VIRPUR),RALIYATAVIRPUR,8657,13,113,exact,taluka,MAHISAGAR,32,Virpur,06,015,Raliyata (Virpur),રળીયાતા(વિરપુર)
KHEDA,VIRPUR,RAMPURA,RAMPURA,8658,29,210,exact,taluka,MAHISAGAR,32,Virpur,06,009,Rampura,રામપુરા
KHEDA,VIRPUR,RASULPUR,RASULPUR,8659,27,142,exact,taluka,MAHISAGAR,32,Virpur,06,029,Rasulpur,રસુલપુર
KHEDA,VIRPUR,RATANKUVA,RATANKUVA,8660,52,633,exact,taluka,MAHISAGAR,32,Virpur,06,047,Ratankuva,રતનકુવા
KHEDA,VIRPUR,ROJHAV,ROJHAV,8661,16,208,exact,taluka,MAHISAGAR,32,Virpur,06,024,Rojhav,રોઝાવ
KHEDA,VIRPUR,SALAIYA,SALAIYA,8662,41,564,exact,taluka,MAHISAGAR,32,Virpur,06,021,Salaiya,સાલૈયા
KHEDA,VIRPUR,SARADIYA,SARADIYA,8663,62,1319,exact,taluka,MAHISAGAR,32,Virpur,06,046,Saradiya,સરાડીયા
KHEDA,VIRPUR,SARIYA,SARIYA,8664,24,239,exact,taluka,MAHISAGAR,32,Virpur,06,036,Sariya,સારીયા
KHEDA,VIRPUR,TAJPUR,TAJPUR,8665,15,23,exact,taluka,MAHISAGAR,32,Virpur,06,053,Tajpur,તાજપુર
KHEDA,VIRPUR,UMARIYA,UMARIYA,8666,3,122,exact,taluka,MAHISAGAR,32,Virpur,06,012,Umariya,ઉમરીયા
KHEDA,VIRPUR,VAGHAS,VAGHAS,8667,60,360,exact,taluka,MAHISAGAR,32,Virpur,06,022,vaghas,વઘાસ
KHEDA,VIRPUR,VARADHARA,VARADHARA,8668,46,610,exact,taluka,MAHISAGAR,32,Virpur,06,042,Varadhara,વરધરા
KHEDA,VIRPUR,VIRPUR,VIRPUR,8669,99,579,exact,taluka,MAHISAGAR,32,Virpur,06,054,Virpur,વિરપુર
